,Unnamed: 0,nama,brand,harga,terjual,gambar
2,2,"Apple MacBook Pro A2251 13"" 512GB,¬†Space Grey",Excellent - Refurbished,746445875,1,https://i.ebayimg.com/thumbs/images/g/1agAAeSwyydoSdNB/s-l960.webp
3,3,"Dell 15.6"" Light Gaming Laptop Intel Core i7 4.20 GHz 64GB RAM 4TB SSD Win11 Pro",Very Good - Refurbished,531983375,0,https://i.ebayimg.com/thumbs/images/g/baYAAeSwvNNpHMMD/s-l960.webp
4,4,"New Listingüî•NEW ASUS TUF FA607NUG 16"" AMD Ryzen 7 7445HS/16GB/512GB/RTX4050 Gaming Laptop",Brand New,1163733375,0,https://ir.ebaystatic.com/cr/v/c1/s_1x2.gif
5,5,Panasonic  CF-31   MK5  5th GEN Core i5  WIN11 PRO  16GB 1TB SSD   BLUE,Pre-Owned,646513000,0,https://ir.ebaystatic.com/cr/v/c1/s_1x2.gif
6,6,"Dell - 15.6"" 2K Touchscreen Laptop - Intel Core i5 1334U 2023 - 8GB Memory - ...",Brand New,664983375,1,https://ir.ebaystatic.com/cr/v/c1/s_1x2.gif
7,7,Acer Predator Helios Neo 14 Gaming Notebook Intel Ultra7 GeForceRTX4070 16GB 1TB,Certified - Refurbished,1286758375,766,https://ir.ebaystatic.com/cr/v/c1/s_1x2.gif
8,8,Acer Swift Go 16 Touchscreen Laptop Intel Ultra 9 32GB RAM 1TB SSD Refurbished,Certified - Refurbished,997483375,888,https://ir.ebaystatic.com/cr/v/c1/s_1x2.gif
9,9,"Acer Aspire 3-15.6"" Laptop AMD Ryzen 5 7520 2.8GHz 16GB RAM 1TB SSD Refurbished",Certified - Refurbished,378534625,9,https://ir.ebaystatic.com/cr/v/c1/s_1x2.gif
10,10,"2021 Apple M1 Pro MacBook Pro 14"" 16GB/512GB SSD - (Space Gray) A2442 w/Warranty",Good - Refurbished,1007574750,140,https://ir.ebaystatic.com/cr/v/c1/s_1x2.gif
11,11,"2018 Apple MacBook Pro 15"" i9 2.40GHz/32GB/1TB - (Space Gray) A1990 w/Warranty",Good - Refurbished,565815250,1,https://ir.ebaystatic.com/cr/v/c1/s_1x2.gif
12,12,"1 Year Warranty Dell P29T001 11.6"" Chromebook Celeron 1.1GHz/4GB/32GB (Black)",Good - Refurbished,60515000,2,https://ir.ebaystatic.com/cr/v/c1/s_1x2.gif
13,13,"MacBook Pro M1 Pro 10-Core 16-Core GPU 16"" (2021) 32GB 512GB A2485 Gray - Good",Good - Refurbished,1163666875,0,https://ir.ebaystatic.com/cr/v/c1/s_1x2.gif
14,14,Intel Computer NUC PC Mini 1 TB 8GB i5-8265U 8th gen workstation Desktop Win 10,Brand New,240846375,443,https://ir.ebaystatic.com/cr/v/c1/s_1x2.gif
15,15,"HP ZBOOK 15 G5 15.5"" Intel Core i7-8850H 2.60GHz 32GB RAM 512GB NVMe",Pre-Owned,332483375,84,https://ir.ebaystatic.com/cr/v/c1/s_1x2.gif
16,16,BUNDLE APPLE MACBOOK AIR 13 INCH LAPTOP / 8GB RAM / 256GB SSD / MACOS,Pre-Owned,385700000,3,https://ir.ebaystatic.com/cr/v/c1/s_1x2.gif
17,17,"Lenovo ThinkPad T14 Touch 14"" Intel Core i7 4.90 GHz 48GB RAM 4TB SSD Win 11 Pro",Very Good - Refurbished,664983375,0,https://ir.ebaystatic.com/cr/v/c1/s_1x2.gif
18,18,"Dell 15.6"" Light Gaming Laptop Intel Core i7 4.20 GHz 64GB RAM 4TB SSD Win11 Pro",Very Good - Refurbished,482108375,0,https://ir.ebaystatic.com/cr/v/c1/s_1x2.gif
19,19,"Acer Aspire AI 14-14"" Touchscreen Laptop Intel Core Ultra 5 16GB 1TB Refurbished",Certified - Refurbished,598483375,350,https://ir.ebaystatic.com/cr/v/c1/s_1x2.gif
20,20,"Acer Swift 16"" AI Copilot+PC OLED Intel Ultra7 256V 16GB RAM 1TB SSD Refurbished",Certified - Refurbished,1219144500,346,https://ir.ebaystatic.com/cr/v/c1/s_1x2.gif
21,21,"New 15.6"" Windows 11 Laptop, Intel Celeron N5095 12GB RAM 1024GB SSD, Business",Brand New,332483375,53,https://ir.ebaystatic.com/cr/v/c1/s_1x2.gif
22,22,HP EliteBook 14‚Äù FHD AMD Ryzen 5 PRO Laptop PC Up To 32GB RAM 1TB SSD Windows 11,Good - Refurbished,354312000,65,https://ir.ebaystatic.com/cr/v/c1/s_1x2.gif
23,23,"Dell Latitude 13.3"" Laptop - Intel i7 8th Gen | 16GB RAM 256GB NVMe Windows 11",Very Good - Refurbished,332483375,78,https://ir.ebaystatic.com/cr/v/c1/s_1x2.gif
24,24,Acer Nitro V16S Laptop AMD Ryzen 7 GeForce RTX 5060 16GB RAM 1TB SSD Refurbished,Certified - Refurbished,1331313375,62,https://ir.ebaystatic.com/cr/v/c1/s_1x2.gif
25,25,"MSI Thin 15 B13VF-2830US 15.6"" Gaming Laptop i5-13420H 4060 16GB 512GB Win11",Certified - Refurbished,995837500,61,https://ir.ebaystatic.com/cr/v/c1/s_1x2.gif
26,26,"HP - Victus 15.6"" 144Hz Full HD Gaming Laptop - AMD Ryzen 7 7445HS - 16GB Mem...",Brand New,1496233375,3,https://ir.ebaystatic.com/cr/v/c1/s_1x2.gif
27,27,"Dell - Plus - Copilot+ PC - 14"" 2K 2-in-1 Touchscreen Laptop - AMD Ryzen AI 7...",Brand New,914358375,165,https://ir.ebaystatic.com/cr/v/c1/s_1x2.gif
28,28,"Apple - MacBook Air - 13"" - M2 Chip - 16GB RAM - 256GB SSD - Free Shipping",Brand New,997483375,1,https://ir.ebaystatic.com/cr/v/c1/s_1x2.gif
29,29,"Apple M1 MacBook Air 13.3"" 90%+ Battery 8GB 128GB 2020 (Silver) A2337 w/Warranty",Excellent - Refurbished,603637125,105,https://ir.ebaystatic.com/cr/v/c1/s_1x2.gif
30,30,"MAXED!! Apple MacBook Air Retina 13"" + LOADED!! + 2023 OS + EXTRAS! + 256 GB SSD",Pre-Owned,995006250,1,https://ir.ebaystatic.com/cr/v/c1/s_1x2.gif
31,31,"Dell Latitude 5420 14"" 512GB i5-1145G7 WIN11H,¬†Grey",Good - Refurbished,324187500,151,https://ir.ebaystatic.com/cr/v/c1/s_1x2.gif
32,32,Lenovo ThinkPad Laptop Light Gaming PC Core i7 16GB RAM 512GB SSD Windows 11 Pro,Good - Refurbished,527145500,2,https://ir.ebaystatic.com/cr/v/c1/s_1x2.gif
33,33,"HP ELITEBOOK 840 G6 14"" Intel Core i5-8365U 1.60GHz 16GB RAM 256GB NVMe",Pre-Owned,249358375,2,https://ir.ebaystatic.com/cr/v/c1/s_1x2.gif
34,34,New ListingLenovo Legion 5i Gen 10 OLED Ultra 7 255HX RTX5060 RAM 32GB SSD 1TB + Extras,Open Box,1662500000,0,https://ir.ebaystatic.com/cr/v/c1/s_1x2.gif
35,35,"Lenovo ThinkPad L13 2-in-1 Touchscreen 13.3"" Laptop Core i5 8GB 256GB SSD Win 11",Good - Refurbished,330638000,212,https://ir.ebaystatic.com/cr/v/c1/s_1x2.gif
36,36,Lenovo ThinkPad X1 Carbon Gen 9 14 - Intel Core i7 32GB 512GB Win 11 Pro * READ,Pre-Owned,664933500,1,https://ir.ebaystatic.com/cr/v/c1/s_1x2.gif
37,37,"2020 Apple MacBook Air 13.3"" M1 3.2GHz 8GB 128GB 7-Core GPU w/1 year Warranty",Good - Refurbished,540096375,797,https://ir.ebaystatic.com/cr/v/c1/s_1x2.gif
38,38,"ASUS - Vivobook 16 16"" FHD+ Laptop - Copilot+ PC - AMD Ryzen AI 5 330 with 16...",Brand New,831233375,179,https://ir.ebaystatic.com/cr/v/c1/s_1x2.gif
39,39,"2025 HP Touch Laptop 15.6"" 10-Core Intel i7, Up to 64GB RAM & 2TB SSD, Win11 Pro",Brand New,1095587500,115,https://ir.ebaystatic.com/cr/v/c1/s_1x2.gif
40,40,"Dell Latitude 5310 Business Laptop 13.3"" Win 11 Pro Core i5 16GB RAM 256GB SSD",Good - Refurbished,369839750,1,https://ir.ebaystatic.com/cr/v/c1/s_1x2.gif
41,41,Dell Precision 7560 Laptop 15.6‚Äù FHD 8-Core Xeon 32GB RAM 512GB SSD Win 11 Pro,Excellent - Refurbished,1047358375,83,https://ir.ebaystatic.com/cr/v/c1/s_1x2.gif
42,42,"Apple MacBook Air M1 8-Core CPU 8GB RAM 128GB SSD 13"" MGN53LL/A (2020)",Good - Refurbished,540262625,248,https://ir.ebaystatic.com/cr/v/c1/s_1x2.gif
43,43,"Lenovo - Yoga 7 2-in-1 - Copilot+ PC - 14"" 2K OLED Touchscreen Laptop - AMD R...",Brand New,881108375,84,https://ir.ebaystatic.com/cr/v/c1/s_1x2.gif
44,44,"Alienware Aurora Ac16250 Gaming 16"" Intel¬Æ Core‚Ñ¢ 7-240H Series 2, 10 cores 512 G",Brand New,1413108375,171,https://ir.ebaystatic.com/cr/v/c1/s_1x2.gif
45,45,"Lenovo Slim 7i 14"" WUXGA OLED Touch Aura Edition Ultra 7 258V 32GB RAM 1TB SSD",Certified - Refurbished,1162087500,0,https://ir.ebaystatic.com/cr/v/c1/s_1x2.gif
46,46,"Lenovo Thinkpad 14"" Light Gaming Laptop AMD Ryzen 5 PRO 4.0GHz 48GB RAM 4TB SSD",Excellent - Refurbished,631733375,0,https://ir.ebaystatic.com/cr/v/c1/s_1x2.gif
47,47,Dell Latitude 3590 15.6‚Äù Laptop Intel Core i5 16GB RAM 512GB SSD Windows 11 Pro,Good - Refurbished,402374875,409,https://ir.ebaystatic.com/cr/v/c1/s_1x2.gif
48,48,Laptop HP EliteBook 830 G6 i5 8th Gen 16GB RAM 256GB SSD NVMe FHD Windows 11 Pro,Very Good - Refurbished,437135589,2,https://ir.ebaystatic.com/cr/v/c1/s_1x2.gif
49,49,2025 HP Laptop Computer 14 Quad-Core Intel Processor 16GB RAM 628GB Storage,Brand New,480462500,17,https://ir.ebaystatic.com/cr/v/c1/s_1x2.gif
50,50,"2021 Apple M1 Pro MacBook Pro 16"" 16GB/512GB SSD - (Space Gray) A2485 w/Warranty",Good - Refurbished,1102885875,122,https://ir.ebaystatic.com/cr/v/c1/s_1x2.gif
51,51,Lenovo ThinkPad  FHD Core i5 8TH Gen 64 GB Ram 2TB  SSD Windows 11 Laptop,Good - Refurbished,417343671,15,https://ir.ebaystatic.com/cr/v/c1/s_1x2.gif
52,52,DELL Latitude Laptop: Intel i5! 16GB RAM! 256GB SSD! Zorin Core Edition!,Good - Refurbished,249291875,1,https://ir.ebaystatic.com/cr/v/c1/s_1x2.gif
53,53,"Apple MacBook Pro 14"" 2021 M1 Pro All Colors All Storage All RAM - Excellent",Excellent - Refurbished,1323333375,0,https://ir.ebaystatic.com/cr/v/c1/s_1x2.gif
54,54,"2020 Apple M1 MacBook Air 13.3"" 8GB/256GB - (Space Gray) A2337 w/Year Warranty",Good - Refurbished,573379625,65,https://ir.ebaystatic.com/cr/v/c1/s_1x2.gif
55,55,Dell Latitude Touchscreen 2-in-1 Laptop Pentium 8GB RAM 128GB SSD Windows 11 Pro,Good - Refurbished,222824875,800,https://ir.ebaystatic.com/cr/v/c1/s_1x2.gif
56,56,HP EliteBook 845 G7 14‚Äù Laptop AMD Ryzen 5 PRO 16GB RAM 256GB SSD Windows 11 Pro,Excellent - Refurbished,454860000,238,https://ir.ebaystatic.com/cr/v/c1/s_1x2.gif
57,57,"Apple M1 MacBook Air 13"" 8GB 128GB (Space Gray) 2020  A2337 - w/1 Year Warranty",Excellent - Refurbished,633894625,95,https://ir.ebaystatic.com/cr/v/c1/s_1x2.gif
58,58,"ASUS VivoBook S 15 15.6"" 3K OLED Intel Ultra 7 155H 16GB RAM 1TB SSD W11H Laptop",Certified - Refurbished,959262500,157,https://ir.ebaystatic.com/cr/v/c1/s_1x2.gif
59,59,New ListingLenovo Thinkpad T15 Gen 2 Intel i7-1185G7 16GB RAM 512GB SSD Win 11 Touch Screen,Pre-Owned,453862500,0,https://ir.ebaystatic.com/cr/v/c1/s_1x2.gif
60,60,HP EliteBook Light Gaming Laptop 1920x1080 6-Core Ryzen 32GB 512GB SSD Win 11,Good - Refurbished,595723625,489,https://ir.ebaystatic.com/cr/v/c1/s_1x2.gif
61,61,MacBook Air 13 inch Laptop - Intel Core i7 - 8GB RAM - 256GB SSD - BUNDLE,Pre-Owned,440562500,31,https://ir.ebaystatic.com/cr/v/c1/s_1x2.gif
64,64,"Dell Latitude 7420 Intel i7-1185G7 @3.00GHz 32GB 512GB M.2 14.0"" UHD Win 11 Pro",Excellent - Refurbished,580212500,0,https://i.ebayimg.com/thumbs/images/g/G8EAAeSwKVdpF0eP/s-l960.webp
65,65,"Dell 15.6"" Touchscreen Laptop Windows 11 Intel Core i5 4.40 GHz 64GB RAM 4TB SSD",Very Good - Refurbished,531983375,0,https://i.ebayimg.com/thumbs/images/g/TLAAAeSwww5pHMEJ/s-l960.webp
66,66,"New ListingAcer Chromebook Plus 516 GE Gaming Laptop 16in, 8GB RAM, 256GB SSD",Pre-Owned,498750000,0,https://ir.ebaystatic.com/cr/v/c1/s_1x2.gif
67,67,New ListingDell Latitude 5590 Laptop Intel Core i5 8th Gen 8GB RAM 512GB M.2 SSD Win 11 Pro,Pre-Owned,199483375,0,https://ir.ebaystatic.com/cr/v/c1/s_1x2.gif
68,68,New ListingLenovo Thinkpad T15 Gen 2 Intel i7-1185G7 16GB RAM 512GB SSD Win 11 Touch Screen,Pre-Owned,453862500,0,https://ir.ebaystatic.com/cr/v/c1/s_1x2.gif
69,69,"HP - OmniBook X Flip 2-in-1 - Copilot+ PC - 14"" 2K Touch-Screen Laptop - Inte...",Brand New,1080608375,1,https://ir.ebaystatic.com/cr/v/c1/s_1x2.gif
70,70,"Acer 15.6"" Chromebook Plus 515 CB515-2H-31NY 1920x1080 8GB RAM 128GB Refurbished",Certified - Refurbished,315858375,1,https://ir.ebaystatic.com/cr/v/c1/s_1x2.gif
71,71,Dell Latitude E6420 XFR Core i7 CPU 500GB SSD 16GB RAM WIN10 BLACK CARBON,Pre-Owned,738881500,0,https://ir.ebaystatic.com/cr/v/c1/s_1x2.gif
72,72,"HP - 15.6"" Full HD Touch-Screen Laptop - Intel Core i7 - 16GB Memory - 512GB ...",Brand New,831233375,2,https://ir.ebaystatic.com/cr/v/c1/s_1x2.gif
73,73,FAST CHEAP TOP BRAND INTEL CORE i5 8TH GEN 16GB RAM 480GB SSD WINDOWS 11 LAPTOP,Very Good - Refurbished,285543996,75,https://ir.ebaystatic.com/cr/v/c1/s_1x2.gif
74,74,"Dell - 15.6"" 2K Touchscreen Laptop - Intel Core i7 1355U 2023 - 16GB Memory -...",Brand New,1329983375,1,https://ir.ebaystatic.com/cr/v/c1/s_1x2.gif
75,75,"Acer Aspire 3 14""Notebook FHD Intel i3-N305 8GB RAM 128GB SSD 1.8GHz Refurbished",Certified - Refurbished,290920875,160,https://ir.ebaystatic.com/cr/v/c1/s_1x2.gif
76,76,"Acer Chromebook Spin 511 R752T-C3M5 11.6"" 32GB,¬†Touchscreen 2 n 1 Touch Chrome",Good - Refurbished,88262125,64,https://ir.ebaystatic.com/cr/v/c1/s_1x2.gif
77,77,"Lenovo ThinkPad T490s 14"" HD Business Laptop Core i5 8GB RAM 256GB SSD Win 11",Good - Refurbished,333447625,509,https://ir.ebaystatic.com/cr/v/c1/s_1x2.gif
78,78,"Dell Latitude 5320 (13.3"", 16GB, 512GB SSD, i5-1145G7 2.60GHz) Win11P,¬†Gray",Good - Refurbished,347462500,1,https://ir.ebaystatic.com/cr/v/c1/s_1x2.gif
79,79,"Dell Latitude 5501 (15.6"", 16GB, 256GB SSD, i7-9850H 2.60GHz) Win11P,¬†Black",Very Good - Refurbished,382358375,0,https://ir.ebaystatic.com/cr/v/c1/s_1x2.gif
80,80,"Dell 14"" FHD Laptop Intel Quad Core i7 4.20GHz 64GB RAM 4TB SSD Windows 11 Pro",Very Good - Refurbished,398983375,0,https://ir.ebaystatic.com/cr/v/c1/s_1x2.gif
81,81,"Lenovo - IdeaPad 3i Chromebook 15.6"" Full HD Laptop - Intel Celeron 2021 - 4G...",Brand New,297587500,805,https://ir.ebaystatic.com/cr/v/c1/s_1x2.gif
82,82,"Apple MacBook Air (13-inch, M3, 2024) 16GB RAM -256GB SSD 10-core GPU- Good",Good - Refurbished,1078962500,0,https://ir.ebaystatic.com/cr/v/c1/s_1x2.gif
83,83,Dell Latitude 3190 2-in-1 Touch Laptop Intel Pentium 8GB RAM 128GB SSD Win 11,Good - Refurbished,188544125,522,https://ir.ebaystatic.com/cr/v/c1/s_1x2.gif
84,84,"Apple MacBook Air 15"" M4 chip 16GB RAM 256GB SSD Midnight MW1L3LL/A 2025 Model",Open Box,1494587500,306,https://ir.ebaystatic.com/cr/v/c1/s_1x2.gif
85,85,Panasonic  CF-31   MK5  5th GEN Core i5  WIN11 PRO  16GB 1TB SSD WWAN  BLACK,Pre-Owned,646513000,0,https://ir.ebaystatic.com/cr/v/c1/s_1x2.gif
86,86,"HP Chromebook 11 G7 11.6"" Intel 2.60 GHz 4 GB RAM 32 GB eMMC Bluetooth Webcam SD",Very Good - Refurbished,113033375,148,https://ir.ebaystatic.com/cr/v/c1/s_1x2.gif
87,87,"Lenovo - IdeaPad Slim 3 15.6"" Full HD Touchscreen Laptop - AMD Ryzen 7 5825U ...",Brand New,748108375,582,https://ir.ebaystatic.com/cr/v/c1/s_1x2.gif
88,88,"Lenovo - IdeaPad Slim 3 Chromebook 14"" Full HD Laptop - MediaTek Kompanio 520...",Brand New,247712500,1,https://ir.ebaystatic.com/cr/v/c1/s_1x2.gif
89,89,"Acer Chromebook Plus 514 14"" Laptop Intel i3-N305 8GB RAM 512GB SSD Refurbished",Certified - Refurbished,299233375,110,https://ir.ebaystatic.com/cr/v/c1/s_1x2.gif
90,90,"MacBook Pro M1 Pro 10-Core 16-Core GPU 16"" (2021) 16GB 512GB A2485 Gray - Good",Good - Refurbished,1130416875,0,https://ir.ebaystatic.com/cr/v/c1/s_1x2.gif
91,91,"Acer Aspire 5 15.6"" Laptop Intel i7-13620H 2.4 GH 16GB RAM 512GB SSD Refurbished",Certified - Refurbished,598483375,187,https://ir.ebaystatic.com/cr/v/c1/s_1x2.gif
92,92,"Dell Latitude 14"" Laptop Computer Intel i5 Up To 32GB RAM 1TB SSD Windows 11 Pro",Good - Refurbished,438451125,30,https://ir.ebaystatic.com/cr/v/c1/s_1x2.gif
93,93,"Dell Latitude 3320 Laptop 13.3"" HD Core i5 4.4GHz 8GB RAM 256GB SSD Windows 11",Good - Refurbished,344486625,690,https://ir.ebaystatic.com/cr/v/c1/s_1x2.gif
94,94,Apple MacBook Air Laptop - 1 YEAR WARRANTY - FREE SHIPPING - FACETIME - WIFI,Pre-Owned,357437500,3,https://ir.ebaystatic.com/cr/v/c1/s_1x2.gif
95,95,"Dell 7490 14"" Light Gaming Intel Core i7 4.20GHz 32GB RAM 1TB SSD Windows 11 Pro",Very Good - Refurbished,779695875,421,https://ir.ebaystatic.com/cr/v/c1/s_1x2.gif
96,96,"HP - OmniBook X Flip 2-in-1 - Copilot+ PC - 14"" 2K Touch-Screen Laptop - Inte...",Brand New,831233375,168,https://ir.ebaystatic.com/cr/v/c1/s_1x2.gif
97,97,"13"" Apple MacBook Air 512gb SSD 8gb 2.7Ghz i5 TURBO - Monterey - 3 Year WARRANTY",Pre-Owned,430587500,1,https://ir.ebaystatic.com/cr/v/c1/s_1x2.gif
98,98,Apple MacBook Pro A2141 i7-9750H 2019 16GB/512GB Sonoma - Cosmetic (READ),Pre-Owned,398983375,3,https://ir.ebaystatic.com/cr/v/c1/s_1x2.gif
99,99,New ListingLG Gram 14T90Q INTEL CORE I7-1260P@2.10GHz 8GB RAM NO DRIVE PARTS 8325,Parts Only,266000000,0,https://ir.ebaystatic.com/cr/v/c1/s_1x2.gif
100,100,"Alienware - 16 Aurora - 16"" 2.5K Gaming Laptop - Intel Core 7 240H 2024 - 32G...",Brand New,2493733375,301,https://ir.ebaystatic.com/cr/v/c1/s_1x2.gif
101,101,"HP ChromeBook 14 G5 14"" Touchscreen HD Laptop AMD A4 8GB RAM 32GB SSD Chrome OS",Very Good - Refurbished,157521875,458,https://ir.ebaystatic.com/cr/v/c1/s_1x2.gif
102,102,"Dell Latitude 3330 13"" FHD Laptop 4-Core i5 4.5GHz 8GB RAM 256GB SSD Win 11 Pro",Good - Refurbished,350854000,166,https://ir.ebaystatic.com/cr/v/c1/s_1x2.gif
103,103,"HP ProBook 640 G8 14"" 32GB 512GB SSD Intel I7-1185G7 3.0GHz Win11P, Silver",Very Good - Refurbished,463837500,1,https://ir.ebaystatic.com/cr/v/c1/s_1x2.gif
104,104,Business 17 Inch Windows 11 Laptop With 128GB / 256GB / 512GB SSD Intel Celeron,Brand New,330820875,0,https://ir.ebaystatic.com/cr/v/c1/s_1x2.gif
105,105,Lot of 5 HP EliteBook- x360 1030 G2 Touch 13.3- i7-7500U-16GB-RAM 256GB SSD,Pre-Owned,1330000000,0,https://ir.ebaystatic.com/cr/v/c1/s_1x2.gif
106,106,"HP - OmniBook X Flip 2-in-1 - Copilot+ PC - 16"" 2K Touch-Screen Laptop - AMD ...",Brand New,1413108375,1,https://ir.ebaystatic.com/cr/v/c1/s_1x2.gif
107,107,"Acer Chromebook Plus 514 - 14"" AMD Ryzen 3 7320C 8GB RAM 256GB SSD Refurbished",Certified - Refurbished,332483375,350,https://ir.ebaystatic.com/cr/v/c1/s_1x2.gif
108,108,New ListingLenovo Legion Go 2 - AMD Ryzen Z2 - 32GB RAM - 1TB W/ 4 GAMES - 8.8 OLED‚ÄîSEALED!,Brand New,2826233375,0,https://ir.ebaystatic.com/cr/v/c1/s_1x2.gif
109,109,"HP - 14"" Laptop - Intel Processor N150 - 4GB Memory - 128GB UFS - Natural Silver",Brand New,232733375,3,https://ir.ebaystatic.com/cr/v/c1/s_1x2.gif
110,110,"Lenovo ThinkPad T480s 14"" Intel i7-8650U 1.90GHz 16GB RAM 256GB SSD Great Shape!",Pre-Owned,332483375,0,https://ir.ebaystatic.com/cr/v/c1/s_1x2.gif
111,111,"Lenovo - Yoga 7i 2-in-1 16"" 2K Touchscreen Laptop - Intel Core Ultra 7 155U 2...",Brand New,1080608375,2,https://ir.ebaystatic.com/cr/v/c1/s_1x2.gif
112,112,"Acer Aspire 14 AI Laptop 14"" Touchscreen Intel Core Ultra 5 16GB 1TB Refurbished",Very Good - Refurbished,562772875,1,https://ir.ebaystatic.com/cr/v/c1/s_1x2.gif
113,113,"14"" DELL Latitude Laptop: Intel i5! 4GB RAM! 128GB SSD! Zorin Core Edition!",Good - Refurbished,166067125,2,https://ir.ebaystatic.com/cr/v/c1/s_1x2.gif
114,114,"New ListingApple MacBook Pro 15.4"" Intel Core i7 2.6GHz 16GB RAM 512GB SSD A1990",Pre-Owned,330837500,0,https://ir.ebaystatic.com/cr/v/c1/s_1x2.gif
115,115,"HP OmniBook X Laptop Computer 16"" 3K Touch Screen Intel Core Ultra 7 16 GB",Brand New,1496233375,51,https://ir.ebaystatic.com/cr/v/c1/s_1x2.gif
116,116,"2025 ASUS Vivobook 14"" FHD Laptop, 6-Core Intel i3 Up to 40GB RAM 2TB SSD WinPro",Brand New,497087500,18,https://ir.ebaystatic.com/cr/v/c1/s_1x2.gif
117,117,Acer Swift 14 +AI | AMD Ryzen AI 9 | AMD Radeon 880M | 32GB 1TB Certified Refurb,Certified - Refurbished,1099843500,72,https://ir.ebaystatic.com/cr/v/c1/s_1x2.gif
118,118,"Lenovo - LOQ 15.6"" Full HD Gaming Laptop - Intel Core i7-13650HX 2023 - 16GB ...",Brand New,2161233375,433,https://ir.ebaystatic.com/cr/v/c1/s_1x2.gif
119,119,MacBook Pro 16 Touch Bar Gray 2019 2.4 GHz i9 64GB 512GB Radeon Pro 5300M 4GB,Very Good - Refurbished,781358375,15,https://ir.ebaystatic.com/cr/v/c1/s_1x2.gif
120,120,LENOVO THINKPAD P70 17‚Äù i7 6700HQ 2.6GHz 32GB RAM 1TB+256GB NVIDIA Quadro M600M,Pre-Owned,430587500,1,https://ir.ebaystatic.com/cr/v/c1/s_1x2.gif
121,121,"New ListingLenovo Legion Go 8.8"" Laptop AMD Ryzen Z1 Extreme, 500GB SSD, 1TB Ssd W/ Dock",Open Box,831250000,0,https://ir.ebaystatic.com/cr/v/c1/s_1x2.gif
122,122,Dell Latitude E6420 XFR Core i7 CPU 500GB SSD 16GB RAM WIN10 BLUE with CARBON,Pre-Owned,738881500,0,https://ir.ebaystatic.com/cr/v/c1/s_1x2.gif
123,123,"HP ZBOOK 15 G6 15.5"" Intel Core i7-9850H 2.60GHz 32GB RAM 512GB NVMe",Pre-Owned,415608375,1,https://ir.ebaystatic.com/cr/v/c1/s_1x2.gif
126,126,DELL Latitude Touchscreen Laptop: Intel i7 32GB RAM ~ 512GB SSD! Windows 11 Pro!,Good - Refurbished,581875000,24,https://i.ebayimg.com/thumbs/images/g/iIkAAeSwgIdpLbyO/s-l960.webp
127,127,"Dell Latitude 5520 15.6"", 16GB 512GB SSD, i7-1185G7 4.4GHz, Windows 11 Pro",Very Good - Refurbished,610137500,50,https://i.ebayimg.com/thumbs/images/g/1AEAAeSwt81oh5v1/s-l960.webp
128,128,"Dell Latitude 3390 Touchscreen Laptop 13.3"" Core i3 8GB RAM 256GB SSD Win 11 Pro",Good - Refurbished,296822750,2,https://ir.ebaystatic.com/cr/v/c1/s_1x2.gif
129,129,Lenovo ThinkPad T480 Business Laptop 14‚Äù FHD Core i5 16GB RAM 512GB SSD Win 11,Good - Refurbished,396123875,331,https://ir.ebaystatic.com/cr/v/c1/s_1x2.gif
130,130,"Asus Touch Chromebook Flip 14"" i3 1.80GHz/8GB/128GB SSD - CX5400FM w/Warranty",Very Good - Refurbished,232733375,0,https://ir.ebaystatic.com/cr/v/c1/s_1x2.gif
131,131,"Asus Touch Chromebook Flip 14"" i3 1.80GHz/8GB/128GB SSD CX5400FM - w/Warranty",Good - Refurbished,202725250,0,https://ir.ebaystatic.com/cr/v/c1/s_1x2.gif
132,132,Lenovo ThinkPad T14 Touchscreen Laptop Intel Core i7 4.90 GHz 48GB RAM 4TB SSD,Very Good - Refurbished,548608375,0,https://ir.ebaystatic.com/cr/v/c1/s_1x2.gif
133,133,Lenovo Legion Slim 5 Gen 8 14 120Hz QHD+ 3.8GHz Ryzen 7 7840HS 16GB 1TB RTX 4060,Excellent - Refurbished,1462983375,1,https://ir.ebaystatic.com/cr/v/c1/s_1x2.gif
134,134,"ASUS - Vivobook 14 14"" FHD Laptop - Intel Core 5 120U with 8GB Memory - 256GB...",Brand New,548608375,58,https://ir.ebaystatic.com/cr/v/c1/s_1x2.gif
135,135,"HP OmniBook X AI 14-fe0013dx 14"" Touch Elite X1E-78-100 16GB 1TB SSD W11 Laptop",Very Good - Refurbished,698250000,0,https://ir.ebaystatic.com/cr/v/c1/s_1x2.gif
136,136,"Apple Macbook Pro 15"" - i7 16GB RAM + 512GB SSD - Great Value + Holiday Gift",Pre-Owned,364087500,0,https://ir.ebaystatic.com/cr/v/c1/s_1x2.gif
137,137,"ASUS - Zenbook A14 14"" FHD+ OLED  Snapdragon X Plus 16GB RAM 512GB SSD",Pre-Owned,706545875,1,https://ir.ebaystatic.com/cr/v/c1/s_1x2.gif
138,138,Acer Nitro V15 Gaming Notebook GeForceRTX4050 Inteli5 16GB 512GB SSD Refurbished,Certified - Refurbished,907708375,3,https://ir.ebaystatic.com/cr/v/c1/s_1x2.gif
139,139,Dell Latitude Light Gaming Laptop Core i7 4.20GHz Windows 11 64GB RAM 4TB SSD,Very Good - Refurbished,498733375,0,https://ir.ebaystatic.com/cr/v/c1/s_1x2.gif
140,140,New ListingLenovo YOGA 7 2 IN 1 14IML9 Laptop ULTRA 5 125U 16GB RAM Does Not Power,Parts Only,315858375,0,https://ir.ebaystatic.com/cr/v/c1/s_1x2.gif
141,141,"Dell Latitude 14"" Light Gaming Laptop 32GB RAM 1TB SSD Intel Core i7 Windows 11",Very Good - Refurbished,731483375,0,https://ir.ebaystatic.com/cr/v/c1/s_1x2.gif
142,142,"Lenovo YOGA Book 9i 2-in-1 13.3"" Dual Screen Laptop (Ultra 7 155U/16GB/1TB/OLED)",Open Box,1496233375,2,https://ir.ebaystatic.com/cr/v/c1/s_1x2.gif
143,143,"SGIN 15.6"" Windows 11 Laptop 12GB RAM 1TB SSD Intel Celeron Portable Business PC",Brand New,330820875,0,https://ir.ebaystatic.com/cr/v/c1/s_1x2.gif
144,144,New ListingNew Dell Latitude 5440 14‚Äù FHD Touch ‚Äì i5-1335U / 16GB / 256GB SSD / Win 11 / 6E,Brand New,664983375,0,https://ir.ebaystatic.com/cr/v/c1/s_1x2.gif
145,145,"New ListingHP Pavilion 16-af0010nr 16"" Laptop, Intel Core Ultra 5 125U, 8GB, 512GB, Silver",Open Box,581858375,0,https://ir.ebaystatic.com/cr/v/c1/s_1x2.gif
146,146,"ASUS VivoBook 16"" WUXGA Notebook Intel Core i7-13620H 16GB DDR4 RAM 512GB SSD",Brand New,781358375,7,https://ir.ebaystatic.com/cr/v/c1/s_1x2.gif
147,147,"Lenovo Legion Go 2 8.8"" 144Hz OLED AMD Ryzen Z2 Extreme 32GB 1TB SHIPS TODAY",Open Box,3491233375,1,https://ir.ebaystatic.com/cr/v/c1/s_1x2.gif
148,148,"2021 Apple M1 Pro MacBook Pro 14"" 16GB/512GB SSD (Space Gray) A2442 - w/Warranty",Very Good - Refurbished,1089270000,51,https://ir.ebaystatic.com/cr/v/c1/s_1x2.gif
149,149,"HP Victus 15.6"" FHD Gaming Laptop RTX 4050 AMD Ryzen 7 7445HS 16GB RAM 512GB SSD",Brand New,1110466875,0,https://ir.ebaystatic.com/cr/v/c1/s_1x2.gif
150,150,LG Gram 15 Ultra-Light Laptop Intel Core Ultra 7 16GB 1TB SSD W11,Excellent - Refurbished,1105545875,0,https://ir.ebaystatic.com/cr/v/c1/s_1x2.gif
151,151,2025 Apple MacBook Air 13-inch M4 Chip 16GB RAM 512GB SSD Midnight MW133LL/A,Open Box,1494587500,161,https://ir.ebaystatic.com/cr/v/c1/s_1x2.gif
152,152,"New ListingHP ZBOOK 17 G6 17"" Intel Core i7-9750H 2.60GHz 32GB RAM 512GB SSD WINDOWS 11",Pre-Owned,374062500,0,https://ir.ebaystatic.com/cr/v/c1/s_1x2.gif
153,153,Lenovo Legion Pro 5 Gen 10 WQXGA Ryzen 9 8945HX RTX5070 32GB 1TB Gaming Laptop,Certified - Refurbished,2275962500,1,https://ir.ebaystatic.com/cr/v/c1/s_1x2.gif
154,154,Dell Latitude 7310 Laptop 13.3‚Äù FHD Core i7 16GB RAM 512GB SSD Windows 11 Pro,Good - Refurbished,510803125,348,https://ir.ebaystatic.com/cr/v/c1/s_1x2.gif
155,155,DELL Latitude Laptop Computer PC 14 Core i5 32GB 1TB SSD Windows 11 TOUCHSCREEN!,Pre-Owned,315858375,0,https://ir.ebaystatic.com/cr/v/c1/s_1x2.gif
156,156,"HP ZBOOK 17 G6 17"" Intel Core i7-9850H 2.60GHz 32GB RAM 512GB NVMe",Pre-Owned,498733375,1,https://ir.ebaystatic.com/cr/v/c1/s_1x2.gif
157,157,HP EliteBook Laptop Computer 14‚Äù HD AMD Ryzen 5 16GB RAM 256GB SSD Win 11 WiFi,Good - Refurbished,322973875,406,https://ir.ebaystatic.com/cr/v/c1/s_1x2.gif
158,158,2025 Apple MacBook Air 15-inch M4 Chip 16GB RAM 256GB SSD Midnight MW1L3LL/A,Open Box,1544462500,75,https://ir.ebaystatic.com/cr/v/c1/s_1x2.gif
159,159,"2025 Acer Nitro V Gaming Laptop 16"" 180Hz RTX 5050 Ryzen 5 240 16GB RAM 512GB",Brand New,1213541875,30,https://ir.ebaystatic.com/cr/v/c1/s_1x2.gif
160,160,"Apple MacBook Pro 14"" Apple M4 chip 16GB RAM 512GB SSD Space Black MW2U3LL/A",Open Box,1875632500,474,https://ir.ebaystatic.com/cr/v/c1/s_1x2.gif
161,161,"New ListingASUS ROG G74S 17.3"" i7-2630QM Nvidia GTX 560M 16GB Ballistix RAM NO HDD, AS-IS",Parts Only,207729375,0,https://ir.ebaystatic.com/cr/v/c1/s_1x2.gif
162,162,New ListingDELL LATITUDE 14 RUGGED 5414 Intel i5  TOUCHSCREEN 16GB 250GB SSD BAT EXC 202696,Pre-Owned,430587500,0,https://ir.ebaystatic.com/cr/v/c1/s_1x2.gif
163,163,"Cyber Special - Dell Latitude 7430 Laptop -Core i7-1265U 16GB 512GB SSD - 14""",Very Good - Refurbished,475973750,0,https://ir.ebaystatic.com/cr/v/c1/s_1x2.gif
164,164,"2025 SGIN Laptop 17.3 inch, Intel N5095, Up to 12GB RAM &512GB SSD",Brand New,332466750,0,https://ir.ebaystatic.com/cr/v/c1/s_1x2.gif
165,165,"Dell Latitude 5510 15.6"" 256GB i5-10310U WIN11P,¬†Silver",Very Good - Refurbished,380712500,0,https://ir.ebaystatic.com/cr/v/c1/s_1x2.gif
166,166,Lenovo N23 Touchscreen Chromebook Intel 1.60 GHz 4GB Ram 16GB with Charger,Pre-Owned,58170875,89,https://ir.ebaystatic.com/cr/v/c1/s_1x2.gif
167,167,New ListingDELL PRECISION 7750 FHD Xeon W-10885M 64GB RAM 512GB SSD RTX 3000 Backlit KB,Pre-Owned,897750000,0,https://ir.ebaystatic.com/cr/v/c1/s_1x2.gif
168,168,Lenovo Ideapad Pro 5 - OLED - 120hz - 16IAH10 Ultra 9 285H Rtx5050 32GB 1TB SSD,Open Box,1828666875,0,https://ir.ebaystatic.com/cr/v/c1/s_1x2.gif
169,169,"2020 Apple M1 MacBook Air 13.3"" 16GB/512GB SSD - (Space Gray) A2337 w/Warranty",Good - Refurbished,770053375,0,https://ir.ebaystatic.com/cr/v/c1/s_1x2.gif
170,170,Lenovo Legion 5 15.1  OLED WQXGA 165Hz Gaming Notebook Intel Core Ultra 9 275HX,Brand New,2443858375,0,https://ir.ebaystatic.com/cr/v/c1/s_1x2.gif
171,171,"Lenovo LOQ 15.6"" FHD Gaming Laptop i5-13450HX 16GB RAM RTX 5050 512GB SSD Grey",Open Box,1228587500,0,https://ir.ebaystatic.com/cr/v/c1/s_1x2.gif
172,172,"Lenovo Ideapad 5x 14"" OLED 2-in-1 Touch Snapdragon X Plus 16GB 1TB SSD w/ Pen",Open Box,827925000,58,https://ir.ebaystatic.com/cr/v/c1/s_1x2.gif
173,173,"MSI Crosshair 18 HX AI A2XWGKG-012US 18"" Gaming Laptop QHD U9-275HX 5070 1TB",Certified - Refurbished,2051608125,71,https://ir.ebaystatic.com/cr/v/c1/s_1x2.gif
174,174,"Lenovo LOQ-E 15.6"" 144Hz Gaming Laptop i5-12450HX 16GB RAM 512GB SSD RTX 3050",Brand New,897733375,8,https://ir.ebaystatic.com/cr/v/c1/s_1x2.gif
175,175,"Lenovo ThinkPad T14s Gen 6 14"" WUXGA Snapdragon X Elite 32GB 1TB SSD FPReader",Certified - Refurbished,1371562500,0,https://ir.ebaystatic.com/cr/v/c1/s_1x2.gif
176,176,"HP ELITEBOOK 840 G6 14"" Intel Core i5-8365U 1.60GHz 16GB RAM 256GB NVMe",Pre-Owned,240214625,1,https://ir.ebaystatic.com/cr/v/c1/s_1x2.gif
177,177,New ListingDELL LATITUDE 14 RUGGED 5414 Intel i5  TOUCHSCREEN 16GB 250GB SSD BAT EXC 202603,Pre-Owned,430587500,0,https://ir.ebaystatic.com/cr/v/c1/s_1x2.gif
178,178,"2024 Apple M4 Max MacBook 16.2"" 36GB/1TB SSD (Silver) 5X2V3LL/A w/Year Warranty",Excellent - Refurbished,3923483375,15,https://ir.ebaystatic.com/cr/v/c1/s_1x2.gif
179,179,"New ListingHP Laptop 17-CN0108DS 17"" Pentium Gold 7505@2.0GHz 12GB RAM 256GB SSD Open Box",Open Box,332483375,0,https://ir.ebaystatic.com/cr/v/c1/s_1x2.gif
180,180,"Apple MacBook Pro 14"" 2021 M1 Pro 1TB 16GB RAM Space Gray - Excellent",Excellent - Refurbished,1323333375,0,https://ir.ebaystatic.com/cr/v/c1/s_1x2.gif
181,181,New ListingLot of 5 Mixed HP Envy/Elitebook i5/i7 7th Gen 8/16GB RAM 256/No SSD No OS,Pre-Owned,764666875,0,https://ir.ebaystatic.com/cr/v/c1/s_1x2.gif
182,182,"2020 MacBook Pro A2338 13"" M1 8-Core CPU 3.2GHz 8-Core GPU 16GB RAM 256GB SSD",Good - Refurbished,748108375,39,https://ir.ebaystatic.com/cr/v/c1/s_1x2.gif
183,183,Apple MacBook Pro A2485 M1 Pro Chip 32GB/1TB - Cosmetic (Read Description),Pre-Owned,1321670875,0,https://ir.ebaystatic.com/cr/v/c1/s_1x2.gif
184,184,Dell Latitude 5330 13.3‚Äù Business Laptop Core i5 16GB RAM 128GB SSD Windows 11,Good - Refurbished,398102250,366,https://ir.ebaystatic.com/cr/v/c1/s_1x2.gif
185,185,Dell Latitude 14‚Äù Full HD Laptop PC Core i7 4.9GHz 16GB RAM 512GB SSD Windows 11,Good - Refurbished,475890625,3,https://ir.ebaystatic.com/cr/v/c1/s_1x2.gif
188,188,Dell Latitude 7410 Business Laptop 14‚Äù Core i5 16GB RAM 512GB SSD Windows 11 Pro,Good - Refurbished,400629250,353,https://i.ebayimg.com/thumbs/images/g/tqQAAeSwc3VpAvIu/s-l960.webp
189,189,Apple MacBook Air 13 inch Laptop - Intel Core i7 - 8GB RAM - 256GB SSD - BUNDLE,Pre-Owned,423937500,0,https://i.ebayimg.com/thumbs/images/g/~xYAAeSwHtppLdHW/s-l960.webp
190,190,"HP ELITEBOOK 840 G6 14"" Intel Core i5-8365U 1.60GHz 16GB RAM 256GB NVMe",Pre-Owned,249358375,1,https://ir.ebaystatic.com/cr/v/c1/s_1x2.gif
191,191,DELL Latitude Touchscreen Laptop: Intel i7 32GB RAM ~ 512GB SSD! Windows 11 Pro!,Pre-Owned,606812500,23,https://ir.ebaystatic.com/cr/v/c1/s_1x2.gif
192,192,"New ListingApple MacBook Pro A2141 16"" i9-9880H 16 GB RAM 1 TB SSD 5500M Sequoia 97 Cycles",Pre-Owned,548608375,0,https://ir.ebaystatic.com/cr/v/c1/s_1x2.gif
193,193,"HP OmniBook 7 Laptop Computer 16"" 2K Touch Screen Intel Core Ultra 5 16 GB",Brand New,914358375,0,https://ir.ebaystatic.com/cr/v/c1/s_1x2.gif
194,194,"Dell Dc15250 15.6"" Touch 13th Gen Intel¬Æ Core‚Ñ¢ i7-1355U, 10 cores 1 TB SSD 16 GB",Brand New,1246858375,849,https://ir.ebaystatic.com/cr/v/c1/s_1x2.gif
195,195,"Apple MacBook Air 15"" M4 chip 16GB RAM 256GB SSD Sky Blue MC7A4LL/A 2025 Model",Open Box,1413108375,325,https://ir.ebaystatic.com/cr/v/c1/s_1x2.gif
196,196,"HP Elitebook 830 G8 13.3"" FHD TS Laptop Intel i7-1185G7 3GHz 32GB 512GB W11P",Excellent - Refurbished,610952125,410,https://ir.ebaystatic.com/cr/v/c1/s_1x2.gif
197,197,"Apple MacBook Pro 16"" Apple M4 Pro chip 24GB RAM 512GB SSD Space Black MX2X3LL/A",Open Box,2990837500,1,https://ir.ebaystatic.com/cr/v/c1/s_1x2.gif
198,198,"Apple MacBook Pro A2141 16"" i7-9750H 2.6GHz 16GB/512GB Radeon Pro 5300M - Tahoe",Good - Refurbished,540295875,83,https://ir.ebaystatic.com/cr/v/c1/s_1x2.gif
199,199,New ListingASUS ROG M16 GU604VI Laptop - i9 - 16GB - No Drives - Parts 116,Parts Only,746462500,0,https://ir.ebaystatic.com/cr/v/c1/s_1x2.gif
200,200,Microsoft Surface Pro Copilot+ PC Touchscreen 13  LCD Snapdragon X Plus 16GB RAM,Brand New,1246858375,58,https://ir.ebaystatic.com/cr/v/c1/s_1x2.gif
201,201,"Dell Latitude 5431 14"" 256GB i5-1250P WIN11P,¬†Silver",Good - Refurbished,344470000,13,https://ir.ebaystatic.com/cr/v/c1/s_1x2.gif
202,202,"Dell Latitude 5320 13.3"" 512GB I7-1185G7 WIN11P,¬†Gray",Good - Refurbished,450537500,0,https://ir.ebaystatic.com/cr/v/c1/s_1x2.gif
203,203,"Dell Latitude 14 3420 14"" 512GB i5-1145G7 WIN11P,¬†Gray",Good - Refurbished,330837500,37,https://ir.ebaystatic.com/cr/v/c1/s_1x2.gif
204,204,New ListingDELL LATITUDE 14 RUGGED 5414 Intel i5  TOUCHSCREEN 16GB 250GB SSD BAT EXC 203141,Pre-Owned,430587500,0,https://ir.ebaystatic.com/cr/v/c1/s_1x2.gif
205,205,New ListingHP 840 G8 Laptops (i7-1185G7 3GHz CPU 32GB RAM) (Read the Description)),Parts Only,333647125,0,https://ir.ebaystatic.com/cr/v/c1/s_1x2.gif
206,206,"New ListingDell Precision 7750 17.3"" | 2.70GHz i7-10850H | 16GB DDR4 | 512GB | BIOS Lock",Pre-Owned,448858375,0,https://ir.ebaystatic.com/cr/v/c1/s_1x2.gif
207,207,"Lenovo LOQ-E 15.6"" 144Hz RTX 3050 Intel i5-12450HX 16GB RAM 512GB SSD AI Laptop",Brand New,864483375,214,https://ir.ebaystatic.com/cr/v/c1/s_1x2.gif
208,208,"2021 Apple M1 Pro MacBook Pro 16.2"" 16GB/512GB SSD 90%+ (Gray) A2485 w/Warranty",Very Good - Refurbished,1223915875,0,https://ir.ebaystatic.com/cr/v/c1/s_1x2.gif
209,209,"Apple MacBook Pro18.1 - 16-Inch M1 Pro 3.20GHz,32GB RAM,512GB SSD 10 CPU / 16GPU",Good - Refurbished,1328337500,88,https://ir.ebaystatic.com/cr/v/c1/s_1x2.gif
210,210,"Asus Vivobook S14 S5406SA 14"" WUXGA OLED Intel Ultra 7 258V 32GB 1TB W11H Laptop",Certified - Refurbished,1153775000,82,https://ir.ebaystatic.com/cr/v/c1/s_1x2.gif
211,211,"Microsoft Surface Pro 8 13"" QHD 120 Hz Touch i7-1185G7 16GB 512GB Keyboard + Pen",Pre-Owned,997483375,0,https://ir.ebaystatic.com/cr/v/c1/s_1x2.gif
212,212,"Lenovo LOQ Essential 15.6"" FHD 144Hz Gaming Laptop i5-12450HX RTX 4050 8GB 512GB",Brand New,980791875,1,https://ir.ebaystatic.com/cr/v/c1/s_1x2.gif
213,213,"New ListingLenovo ThinkPad X1 Carbon Gen 8 14""FHD i7-10510U 1.8GHz 16GB  512 SSD,charger",Pre-Owned,447212500,0,https://ir.ebaystatic.com/cr/v/c1/s_1x2.gif
214,214,New ListingDell Latitude 5550 Laptop -Core i5 Ultra 5 125u 16GB 512GB-Webcam-Dell Wty 1/28,Pre-Owned,763087500,0,https://ir.ebaystatic.com/cr/v/c1/s_1x2.gif
215,215,"2024 Apple M4 Max MacBook Pro 16.2"" 36GB/1TB (Black) 5X303LL/A w/Year Warranty",Excellent - Refurbished,4007605875,0,https://ir.ebaystatic.com/cr/v/c1/s_1x2.gif
216,216,2025 SGIN Laptop Notebook 17.3 Intel Processor Up to 4GB RAM 128GB SSD,Brand New,330820875,0,https://ir.ebaystatic.com/cr/v/c1/s_1x2.gif
217,217,New ListingDell Latitude 5520 Laptop - 11th Gen i5-1145G7 16GB 512GB Cam Backlit Touch Sp16,Pre-Owned,330837500,0,https://ir.ebaystatic.com/cr/v/c1/s_1x2.gif
218,218,"New ListingDell Latitude 5440 Used 14"" i7-1370P, 32GB RAM, 512GB NVMe",Pre-Owned,814608375,0,https://ir.ebaystatic.com/cr/v/c1/s_1x2.gif
219,219,"Dell Latitude Laptop Intel Core i3 14"" HD 8GB RAM 256GB SSD Windows 11",Good - Refurbished,297770375,425,https://ir.ebaystatic.com/cr/v/c1/s_1x2.gif
220,220,"Dell Precision 7560 Laptop - Xeon W-11955m 2.6ghz 64GB 1TB - RTX A4000 15.6"" FHD",Pre-Owned,1162087500,2,https://ir.ebaystatic.com/cr/v/c1/s_1x2.gif
221,221,"ORIGIN PC EON17-X 17.3"" 144Hz i9-11900K 2.50GHz 16GB RAM 1TB SSD RTX 3080",Open Box,1454687500,20,https://ir.ebaystatic.com/cr/v/c1/s_1x2.gif
222,222,"HP Victus by HP Laptop Computer 15.6"" FHD Intel Core i5 16 GB memory;1 TB SSD",Brand New,1080608375,0,https://ir.ebaystatic.com/cr/v/c1/s_1x2.gif
223,223,New ListingProStar Gaming Laptop N130WU,Parts Only,423937500,0,https://ir.ebaystatic.com/cr/v/c1/s_1x2.gif
224,224,Lenovo Thinkpad T14 G2 i7-1185G7 3GHZ/32GB RAM/512GB NVMe,Pre-Owned,581858375,0,https://ir.ebaystatic.com/cr/v/c1/s_1x2.gif
225,225,"Lenovo AMD Ryzen 5 PRO 14"" Gaming Laptop 32GB RAM 1TB SSD RADEON RX Windows 11",Excellent - Refurbished,995837500,56,https://ir.ebaystatic.com/cr/v/c1/s_1x2.gif
226,226,"Lenovo ThinkPad T14 Touch 14"" Intel Core i7 4.90 GHz 32GB RAM 1TB SSD Win 11 Pro",Very Good - Refurbished,930983375,100,https://ir.ebaystatic.com/cr/v/c1/s_1x2.gif
227,227,Dell Latitude 5330 Laptop 13.3‚Äù 10-Core i5 12th 4.4GHz 16GB RAM 256GB SSD Win 11,Good - Refurbished,449656375,294,https://ir.ebaystatic.com/cr/v/c1/s_1x2.gif
228,228,"New HP Laptop 14"" HD Intel Celeron N4120 4GB 64GB eMMC SSD Webcam Windows 11 S",Brand New,307562500,491,https://ir.ebaystatic.com/cr/v/c1/s_1x2.gif
229,229,"New ListingDell Precision 5570 15.6"" FHD i7-12800H 14-Core 1TB SSD 32GB RAM *No Charger*",Pre-Owned,1163716750,0,https://ir.ebaystatic.com/cr/v/c1/s_1x2.gif
230,230,New Sealed MacBook Pro 14-inch M4 24GB RAM 1TB SSD 10C GPU Space Black,Brand New,2824587500,0,https://ir.ebaystatic.com/cr/v/c1/s_1x2.gif
231,231,"Lenovo LOQ 15.6"" FHD Gaming Laptop RTX 4050 AMD Ryzen 5 7235HS 16GB RAM 512GB",Brand New,1063916875,0,https://ir.ebaystatic.com/cr/v/c1/s_1x2.gif
232,232,"HP EliteBook 845 G8 14"" FHD AMD Ryzen 7 PRO 5850U 16GB 512GB SSD W11P Laptop, SL",Very Good - Refurbished,457187500,0,https://ir.ebaystatic.com/cr/v/c1/s_1x2.gif
233,233,"Microsoft Surface Pro 9 13"" 2.8K 120 Hz Touch i7-1265U 16GB 512GB, Keyboard W11H",Pre-Owned,1163733375,0,https://ir.ebaystatic.com/cr/v/c1/s_1x2.gif
234,234,"Lenovo Thinkpad T490 1.6GHz i5-8265U, 16GB RAM, 256GB NVME SSD, WIN11, FPR, WiFi",Pre-Owned,249291875,2,https://ir.ebaystatic.com/cr/v/c1/s_1x2.gif
235,235,"„Äê90% New„ÄëACEMAGIC Laptop 17.3"" FHD Netbook Intel N97 16GB RAM 512GB M.2 SSD WiFi",Certified - Refurbished,382358375,95,https://ir.ebaystatic.com/cr/v/c1/s_1x2.gif
236,236,2025 HP Laptop Computer 17.3 10-Core Intel i5 Upto 64GB RAM 2TB SSD Pro Office,Brand New,729837500,15,https://ir.ebaystatic.com/cr/v/c1/s_1x2.gif
237,237,New ListingUsed Laptop Lot - no hdds,Parts Only,714875000,0,https://ir.ebaystatic.com/cr/v/c1/s_1x2.gif
238,238,"Dell Chromebook 3100 (11.6"", Intel Celeron, 4GB RAM, 16GB, ChromeOS)  NO Charger",Pre-Owned,43208375,183,https://ir.ebaystatic.com/cr/v/c1/s_1x2.gif
239,239,"HP - Victus 15.6"" 144Hz Full HD Gaming Laptop - Intel Core i5 - 8GB Memory - ...",Brand New,1296733375,1,https://ir.ebaystatic.com/cr/v/c1/s_1x2.gif
240,240,MacBook Pro 16 Space Gray 2021 M1 MAX 32GB 1TB 24 Core GPU A2485,Pre-Owned,1662483375,67,https://ir.ebaystatic.com/cr/v/c1/s_1x2.gif
241,241,"Lenovo ThinkPad T14s Gen 6 14"" WUXGA Snapdragon X Elite 32GB 512GB SSD FPReader",Certified - Refurbished,1339975000,0,https://ir.ebaystatic.com/cr/v/c1/s_1x2.gif
242,242,"Acer - Predator Helios Neo 16S AI Gaming Laptop - 16"" OLED 240Hz - Intel Core...",Brand New,3158733375,1,https://ir.ebaystatic.com/cr/v/c1/s_1x2.gif
243,243,"ASUS - Zenbook 14 14"" FHD+ OLED Touch Screen Laptop - Intel Core Ultra 9 - 32...",Brand New,1496233375,423,https://ir.ebaystatic.com/cr/v/c1/s_1x2.gif
244,244,2020 Macbook Air Apple | M1 8/7 CPU/GPU |  16GB RAM 256GB SSD Ô£ø Broken Screen,Parts Only,330837500,1,https://ir.ebaystatic.com/cr/v/c1/s_1x2.gif
245,245,"Dell Latitude 5410 14""  i5-10310U @ 1.70 GHz 16GB (No BATT/OS) 256GB SSD",Pre-Owned,149608375,35,https://ir.ebaystatic.com/cr/v/c1/s_1x2.gif
246,246,"Dell Latitude 14 3420 (14"" Touch, 16GB, 512GB SSD, i5-1145G7 4.4GHz) Win11P,¬†Gra",Excellent - Refurbished,498733375,0,https://ir.ebaystatic.com/cr/v/c1/s_1x2.gif
247,247,CHUWI Gemibook Plus 15.6in Laptop DDR5 16G 512GB SSD Intel N100 2K Windwos 11 PC,Brand New,428908375,0,https://ir.ebaystatic.com/cr/v/c1/s_1x2.gif
250,250,"Lenovo ThinkPad L13 Yoga 13.3"" Touch 16GB 512GB Core i5-10310U Win11P, Bla",Excellent - Refurbished,489789125,0,https://i.ebayimg.com/thumbs/images/g/ZD4AAeSwi7FpFw9X/s-l960.webp
251,251,"MAXED!! Apple MacBook Pro Retina 13"" + LOADED! + TouchBar + 2024 OS + EXTRAS!",Pre-Owned,995006250,1,https://i.ebayimg.com/thumbs/images/g/xEcAAOSwrull0Ong/s-l960.webp
252,252,"Dell Latitude 3500 15.6"" Laptop Computer PC Core i3 8GB RAM 256GB SSD Windows 11",Good - Refurbished,283955000,1,https://ir.ebaystatic.com/cr/v/c1/s_1x2.gif
253,253,"New ListingASUS ROG Ally X 7"" 120Hz FHD 1080p Gaming Handheld w/ AMD Ryzen Z1 Extreme",Pre-Owned,581875000,0,https://ir.ebaystatic.com/cr/v/c1/s_1x2.gif
254,254,"Lenovo Thinkpad 14"" FHD Gaming Laptop AMD Ryzen 5 PRO 4.0GHz 48GB RAM 4TB SSD",Excellent - Refurbished,615108375,0,https://ir.ebaystatic.com/cr/v/c1/s_1x2.gif
255,255,Samsung Chromebook 4 XE310XBA 11.6 Intel Celeron Chrome OS Tested Working School,Pre-Owned,43274875,3,https://ir.ebaystatic.com/cr/v/c1/s_1x2.gif
256,256,EXECUTIVE SPECIAL~ 17.3 HP ZBook Fury Laptop: Intel i7! 32GB RAM - 1 TB NVME SSD,Excellent - Refurbished,980193375,0,https://ir.ebaystatic.com/cr/v/c1/s_1x2.gif
257,257,New ListingLenovo Thinkpad T15 Gen 2 Intel i7-1165G7 16GB RAM 256GB SSD Win 11 Touch Screen,Pre-Owned,487112500,0,https://ir.ebaystatic.com/cr/v/c1/s_1x2.gif
258,258,"Dell Latitude 3310 2in1 Laptop, Pentium Gold 5405U, 16GB RAM, 512GB SSD, Win 11",Pre-Owned,257587750,0,https://ir.ebaystatic.com/cr/v/c1/s_1x2.gif
259,259,"Lenovo - IdeaPad Slim 3x - L- 15.3"" 2k Touchscreen Laptop Snapdragon X 16gb 256",Brand New,623437500,0,https://ir.ebaystatic.com/cr/v/c1/s_1x2.gif
260,260,"New ListingLenovo ThinkPad T580/T590 15.6"" (i5 8th Gen - 8GB RAM - NO OS/HDD) - Lot of 3",Pre-Owned,448609000,0,https://ir.ebaystatic.com/cr/v/c1/s_1x2.gif
261,261,"Apple MacBook Air M2 13.6"" 8-CoreCPU 8-CoreGPU 2022 256GB SSD 8GB RAM -Very Good",Very Good - Refurbished,950950000,19,https://ir.ebaystatic.com/cr/v/c1/s_1x2.gif
262,262,"Acer Chromebook C738t 2-in-1 (11.6"" touchscreen, Intel, 4GB, 16GB) with Charger",Pre-Owned,66483375,89,https://ir.ebaystatic.com/cr/v/c1/s_1x2.gif
263,263,"CTL Chromebook Touch Screen NL71CT-L 11.6"" 1.1GHz N4020 4GB 32GB  (Grade A",Pre-Owned,91437500,0,https://ir.ebaystatic.com/cr/v/c1/s_1x2.gif
264,264,CHUWI MiniBook X 10.51inch Windwos 11 Laptop Intel N100 12GB LPDDR5 512GSSD,Brand New,364070875,53,https://ir.ebaystatic.com/cr/v/c1/s_1x2.gif
265,265,Dell Inspiron 7391 2-in-1 Laptop PC 13.3‚Äù FHD Core i7 16GB RAM 512GB SSD Win 11,Good - Refurbished,449157625,3,https://ir.ebaystatic.com/cr/v/c1/s_1x2.gif
266,266,New ListingLenovo Thinkpad T15 Gen 2 Intel i7-1185G7 16GB RAM 512GB SSD Win 11 Touch Screen,Pre-Owned,523687500,0,https://ir.ebaystatic.com/cr/v/c1/s_1x2.gif
267,267,Lenovo ThinkPad X1 2-in-1 Gen 10 Aura OLED Touch VRR Ultra 7 268V 32GB 1TB Win11,Certified - Refurbished,2342562250,0,https://ir.ebaystatic.com/cr/v/c1/s_1x2.gif
268,268,"Microsoft Surface Pro 2-in-1 Laptop/tablet (2025), Windows 11 Copilot+ Pc, 12",Brand New,1078945875,0,https://ir.ebaystatic.com/cr/v/c1/s_1x2.gif
269,269,New ListingDell Vostro 15 7510 i7-11800H 2.3Ghz 16GB RAM 1TB NVMe GeForce RTX 3050Ti W11P,Pre-Owned,748108375,0,https://ir.ebaystatic.com/cr/v/c1/s_1x2.gif
270,270,"HP EliteBook 630 G10 Laptop Intel Core i7-1365U 32GB 256GB SSD 13.3"" Touch W11P",Excellent - Refurbished,663320875,0,https://ir.ebaystatic.com/cr/v/c1/s_1x2.gif
271,271,"MSI Katana 15 HX B14WEK-001US 15.6"" Gaming Laptop i7-14650HX 5050 16GB 512GB",Certified - Refurbished,1246126875,0,https://ir.ebaystatic.com/cr/v/c1/s_1x2.gif
272,272,"2025 Lenovo IdeaPad Laptop 15.6"" 1-Yr MS 365 Intel Dual-Core 20GB RAM & 1TB SSD",Brand New,580212500,0,https://ir.ebaystatic.com/cr/v/c1/s_1x2.gif
273,273,"New ListingNEW Dell Inspiron Plus 14 i5430-7381SLV-PUS 14"" WQXGA 16GB RAM 1TB SSD i7-1360P",Brand New,1162087500,0,https://ir.ebaystatic.com/cr/v/c1/s_1x2.gif
274,274,"ASUS Chromebook Plus CX3402CB 14"" FHD Touch Intel i3-1215U 8GB 128GBUFS ChromeOS",Certified - Refurbished,277637500,209,https://ir.ebaystatic.com/cr/v/c1/s_1x2.gif
275,275,"HP - 14"" Laptop - Intel Processor N150 - 4GB Memory - 128GB UFS - Pale Rose Gold",Brand New,365733375,1,https://ir.ebaystatic.com/cr/v/c1/s_1x2.gif
276,276,"Lenovo - IdeaPad 1 15.6"" Full HD Laptop - AMD Ryzen 5 7520U 2022 - 8GB Memory...",Brand New,498733375,0,https://ir.ebaystatic.com/cr/v/c1/s_1x2.gif
277,277,"2025 HP Laptop Computer 15.6"" Touch 6-Core Intel i3 Upto 64GB RAM 2TB SSD WinPro",Brand New,613462500,0,https://ir.ebaystatic.com/cr/v/c1/s_1x2.gif
278,278,Dell Latitude 5530 Business Laptop 15‚Äù FHD Core i5 4.4GHz 16GB 512GB SSD Win 11,Good - Refurbished,648308500,180,https://ir.ebaystatic.com/cr/v/c1/s_1x2.gif
279,279,"Dell Chromebook 3100 11.6"" Intel core 2.60GHz 4GB RAM 32GB eMMC Bluetooth Webcam",Good - Refurbished,113033375,113,https://ir.ebaystatic.com/cr/v/c1/s_1x2.gif
280,280,Windows 11 Laptop 17.3'' 8GB RAM 256GB / 512GB SSD with Intel Celeron Dual-Core,Brand New,379050000,0,https://ir.ebaystatic.com/cr/v/c1/s_1x2.gif
281,281,"Dell Latitude 5410 14"" 16GB 256GB SSD Core‚Ñ¢ i5-10210U 1.6GHz WIN11P,¬†Silver",Good - Refurbished,265983375,1,https://ir.ebaystatic.com/cr/v/c1/s_1x2.gif
282,282,"Lenovo - IdeaPad Slim 3 Chromebook Laptop - 14"" Full HD Touchscreen Laptop - ...",Brand New,663337500,5,https://ir.ebaystatic.com/cr/v/c1/s_1x2.gif
283,283,New ListingHP EliteBook 840 G9 i7-1265U 32GB 512GB SSD 14in FHD Win11 Pro USB-C Charger #3,Open Box,631733375,0,https://ir.ebaystatic.com/cr/v/c1/s_1x2.gif
284,284,"HP - 15.6"" Laptop - Intel Core i3 - 8GB Memory - 128GB UFS - Natural Silver",Brand New,415608375,202,https://ir.ebaystatic.com/cr/v/c1/s_1x2.gif
285,285,"Dell Latitude 7420 14"" i7-1185G7 3.00GHz/16GB/512GB SSD P135G001 - w/Warranty",Good - Refurbished,367628625,0,https://ir.ebaystatic.com/cr/v/c1/s_1x2.gif
286,286,Open Box: HP Omnibook 7 Aero 13.3  2K Copilot+PC AMD Ryzen AI 5 340 16GB RAM 512,Open Box,738150000,1,https://ir.ebaystatic.com/cr/v/c1/s_1x2.gif
287,287,2025 ASUS TUF Gaming Laptop Ryzen 7 RTX 4050 Upto 64GB RAM 2TB SSD Office Pro,Brand New,1328337500,0,https://ir.ebaystatic.com/cr/v/c1/s_1x2.gif
288,288,Lenovo ThinkPad Yoga 13‚Äù Laptop Convertible 2-in-1 Core i5 8GB 256GB SSD Win 11,Good - Refurbished,321178375,0,https://ir.ebaystatic.com/cr/v/c1/s_1x2.gif
289,289,"Dell Latitude 7410 14"" Laptop 4-Core i7 4.9GHz 16GB RAM 512GB SSD Windows 11 Pro",Good - Refurbished,498733375,117,https://ir.ebaystatic.com/cr/v/c1/s_1x2.gif
290,290,"New ListingLenovo ThinkPad X1 Carbon Gen 9 + i7-1165G7 2.80GHz 16GB 512, SSD,Charger",Pre-Owned,580212500,0,https://ir.ebaystatic.com/cr/v/c1/s_1x2.gif
291,291,"Lenovo - Legion Pro 5 16"" 2.5K Gaming Laptop - AMD Ryzen 9 8945HX 2023 - NVID...",Brand New,1994983375,0,https://ir.ebaystatic.com/cr/v/c1/s_1x2.gif
292,292,"Dell Latitude 7212 Rugged 11.6"" Core i7-7600U 2.80GHZ 16GB RAM 256GB SSD Win 10",Pre-Owned,497087500,25,https://ir.ebaystatic.com/cr/v/c1/s_1x2.gif
293,293,14 Lenovo ThinkPad Laptop: i7-8650U! 16GB RAM! 512GB NVME SSD! Secondary Battery,Good - Refurbished,498400875,127,https://ir.ebaystatic.com/cr/v/c1/s_1x2.gif
294,294,"HP EliteBook X G1i 14"" WUXGA Intel Ultra 5 236V 16GB 512GB SSD W11P Laptop BL",Brand New,955937500,0,https://ir.ebaystatic.com/cr/v/c1/s_1x2.gif
295,295,Lenovo Thinkpad T14s Gen 2a Ryzen 5 PRO 2.3GHz 16GB 256GB- Very Good Refurbished,Very Good - Refurbished,411468750,0,https://ir.ebaystatic.com/cr/v/c1/s_1x2.gif
296,296,"Excellent 16"" MacBook Pro Touch Bar 4.5 Core i7 512GB SSD RP5300M + WARRANTY",Excellent - Refurbished,829587500,0,https://ir.ebaystatic.com/cr/v/c1/s_1x2.gif
297,297,"Apple 2022 MacBook Air 13"" M2 (8-Core GPU) 16GB RAM 256GB SSD - Very good",Very Good - Refurbished,997483375,0,https://ir.ebaystatic.com/cr/v/c1/s_1x2.gif
298,298,"Samsung - Galaxy Book4 15.6"" FHD Laptop - Intel Core 7- 16GB Memory - 512GB S...",Brand New,914358375,4,https://ir.ebaystatic.com/cr/v/c1/s_1x2.gif
299,299,"Apple MacBook Air 13"" M4 chip 16GB RAM 512GB SSD Midnight MW133LL/A 2025 Model",Open Box,1494587500,3,https://ir.ebaystatic.com/cr/v/c1/s_1x2.gif
300,300,"LENOVO ThinkBook 14 G7 ARP Laptop 14"" 256GB SSD 7535H 3.3GHz 8GB Windows 11 Pro",Brand New,664983375,0,https://ir.ebaystatic.com/cr/v/c1/s_1x2.gif
301,301,Panasonic Toughbook CF-33  i5-7300U 2.6GHz 16GB Touch Screen No SSD Or OS,Pre-Owned,224437500,0,https://ir.ebaystatic.com/cr/v/c1/s_1x2.gif
302,302,2025 Lenovo IdeaPad Laptop Notebook 15.6 Intel Processor Upto 20GB RAM 1TB SSD,Brand New,397337500,80,https://ir.ebaystatic.com/cr/v/c1/s_1x2.gif
303,303,Lot of 5 -Dell Latitude 5420 Laptop - Core i5-1145G7 16GB 512GB SSD-Touch - #3,Pre-Owned,1659175000,3,https://ir.ebaystatic.com/cr/v/c1/s_1x2.gif
304,304,"New ListingLenovo Thinkpad X1 Yoga Gen 7 14"" Laptop i7-1265U 1.8GHz 16GB NO DRIVE/BAT",Pre-Owned,648358375,0,https://ir.ebaystatic.com/cr/v/c1/s_1x2.gif
305,305,Lenovo ThinkPad X9 15 Aura Edition 2.8k OLED Touch Ultra 7 268V 32GB 1TB W11P 2Y,Certified - Refurbished,2159587500,0,https://ir.ebaystatic.com/cr/v/c1/s_1x2.gif
306,306,2025 HP Laptop Computer 15 Office 2024 FHD 8-Core Intel i3 Upto 32GB RAM 2TB SSD,Brand New,546962500,28,https://ir.ebaystatic.com/cr/v/c1/s_1x2.gif
307,307,"2025 ASUS Vivobook 16"" Laptop 10-Core Intel i7-1355U 40GB RAM 1TB SSD Win 11 Pro",Brand New,1261837500,107,https://ir.ebaystatic.com/cr/v/c1/s_1x2.gif
308,308,Cyber Special - Dell Latitude 5520 Laptop - 2.6 GHz i5-1145G7 16GB 512GB - Touch,Pre-Owned,379050000,434,https://ir.ebaystatic.com/cr/v/c1/s_1x2.gif
309,309,"HP EliteBook 845 G7 14"" 8GB 256GB SSD AMD Ryzen 3 Pro 4450U Win11P, Silver",Excellent - Refurbished,329175000,1,https://ir.ebaystatic.com/cr/v/c1/s_1x2.gif
312,312,"Lenovo ThinkPad L13 Yoga Laptop PC 13"" FHD Core i5 8GB RAM 256GB SSD Win 11 HDMI",Good - Refurbished,346199000,793,https://i.ebayimg.com/thumbs/images/g/O1YAAeSwvw1pH~Iv/s-l960.webp
313,313,BUNDLE APPLE MACBOOK AIR 13 INCH LAPTOP | 8GB RAM | 256GB SSD | MACOS,Pre-Owned,390687500,1,https://i.ebayimg.com/thumbs/images/g/SeEAAeSwuTRpF5Fx/s-l960.webp
314,314,New ListingLenovo Yoga 7 2 IN 1 16IML9 Laptop ULTRA 7 155U 16GB RAM ‚Äì No Boot,Parts Only,382358375,0,https://ir.ebaystatic.com/cr/v/c1/s_1x2.gif
315,315,ASUS Vivobook 16  WUXGA Notebook Intel Core i7-1355U 16GB RAM 1TB SSD Intel Iris,Brand New,831233375,0,https://ir.ebaystatic.com/cr/v/c1/s_1x2.gif
316,316,New ListingLOT OF 3 - Lenovo Laptops - (1) T14s / (2) T14 - REPAIRS / AS IS - READ NOTES,Parts Only,648375000,0,https://ir.ebaystatic.com/cr/v/c1/s_1x2.gif
317,317,Lenovo ThinkPad L13 Yoga 13‚Äù FHD 2-in-1 Laptop Core i5 8GB RAM 512GB SSD Win 11,Good - Refurbished,362159000,199,https://ir.ebaystatic.com/cr/v/c1/s_1x2.gif
318,318,"New ListingApple A2442 MacBook Pro 16"" 2021 Chassis + Screen + Battery Parts Repair",Parts Only,415608375,0,https://ir.ebaystatic.com/cr/v/c1/s_1x2.gif
319,319,"LG - gram 17"" Touch Screen Laptop - Copilot+ PC - Intel Core Ultra 7 Series 2...",Brand New,2826233375,692,https://ir.ebaystatic.com/cr/v/c1/s_1x2.gif
320,320,"Acer Chromebook Plus 514 14"" Touchscreen AMD Ryzen 3 7320C 128GB SSD Refurbished",Certified - Refurbished,272300875,1,https://ir.ebaystatic.com/cr/v/c1/s_1x2.gif
321,321,New ListingGETAC S410 G2 Rugged Toughbook i7-8650U 1.9GHz 512GB SSD 16GB 4G - GPS - Grade B,Pre-Owned,465483375,0,https://ir.ebaystatic.com/cr/v/c1/s_1x2.gif
322,322,"Microsoft Surface Laptop Studio 2 14"" i7-13800H 16GB 512GB-Very Good Refurbished",Very Good - Refurbished,1309218750,0,https://ir.ebaystatic.com/cr/v/c1/s_1x2.gif
323,323,HP ProBook 440 G8 Laptop 14‚Äù 4-Core i5 16GB DDR4 RAM 256GB SSD Windows 11 Pro,Excellent - Refurbished,435475250,2,https://ir.ebaystatic.com/cr/v/c1/s_1x2.gif
324,324,Dell Latitude 5410 14‚Äù FHD Laptop 4-Core i5 16GB RAM 512GB SSD Windows 11 Pro,Good - Refurbished,430604125,334,https://ir.ebaystatic.com/cr/v/c1/s_1x2.gif
325,325,Dell XPS 13 7390 Laptop 13.3‚Äù FHD Core i7 16GB DDR4 RAM 256GB SSD Windows 11,Good - Refurbished,554842750,112,https://ir.ebaystatic.com/cr/v/c1/s_1x2.gif
326,326,"New ListingHP 15-dy1031wm 15.6"" Laptop Computer w/ i3-1005G1 1.20GHz CPU 8GB RAM No SSD",Pre-Owned,149541875,0,https://ir.ebaystatic.com/cr/v/c1/s_1x2.gif
327,327,New ListingPanasonic FZ55-1 Toughbook Laptop Intel i7-8665U @ 1.90GHz 16GB DDR4 500GB SSD,Pre-Owned,668308375,0,https://ir.ebaystatic.com/cr/v/c1/s_1x2.gif
328,328,"Lenovo ThinkPad X1 Carbon Gen 8 14"" Touch 16GB 256GB SSD WIN11P, Black",Excellent - Refurbished,559181875,1,https://ir.ebaystatic.com/cr/v/c1/s_1x2.gif
329,329,"Dell Latitude 5420 Quad Core i7 16GB 512GB SSD Windows 11 ""Light Gaming""",Excellent - Refurbished,415575125,0,https://ir.ebaystatic.com/cr/v/c1/s_1x2.gif
330,330,"HP EliteBook 850 G8 i7-1185G7 | 16GB | 512GB SSD | 15.6"" FHD Win11 Pro Open Box@",Open Box,581858375,0,https://ir.ebaystatic.com/cr/v/c1/s_1x2.gif
331,331,"Acer Swift Go 14"" TS Laptop Intel Core Ultra 7 155H 16GB RAM 1TB SSD Refurbished",Certified - Refurbished,885264625,176,https://ir.ebaystatic.com/cr/v/c1/s_1x2.gif
332,332,New ListingPanasonic Toughbook CF-33  i5-7300U 2.6GHz 16GB TouchScreen  Keyboard No SSD,Pre-Owned,365733375,0,https://ir.ebaystatic.com/cr/v/c1/s_1x2.gif
333,333,Lenovo ThinkPad X13s Gen 1 Snapdragon 8cx Gen 3 16GB DDR4 500GB NVMe Win 11 Pro,Pre-Owned,498750000,0,https://ir.ebaystatic.com/cr/v/c1/s_1x2.gif
334,334,"WINDOWS 11 Laptop 14"" Dell 5411 Intel Core i5 G10 up to 4.6Ghz 64GB mem. 1TB SSD",Pre-Owned,480462500,1,https://ir.ebaystatic.com/cr/v/c1/s_1x2.gif
335,335,"GATEWAY Ultra Slim 14.1"" Laptop Intel Celeron N4020 4GB 128GB SSD Win 11 Silver",Brand New,212783375,0,https://ir.ebaystatic.com/cr/v/c1/s_1x2.gif
336,336,APPLE MACBOOK PRO A2141 2019 i7 2.6GHz 32GB 512GB *GRADE D*,Pre-Owned,432233375,1,https://ir.ebaystatic.com/cr/v/c1/s_1x2.gif
337,337,New ListingDell Xps 15 7590 i7-9750H 2.60GHz 2TB 64GB GTX 1650 WIN11Pro Silver NO AC,Pre-Owned,748041875,0,https://ir.ebaystatic.com/cr/v/c1/s_1x2.gif
338,338,"MSI - THIN A15 15.6"" 144Hz FHD Gaming Laptop - AMD R5-7535HS - GeForce RTX 40...",Brand New,914358375,55,https://ir.ebaystatic.com/cr/v/c1/s_1x2.gif
339,339,CHUWI HeroBook Pro 14.1 Intel Celeron N4020 Windows 11 Laptop 256GB SSD 8GB RAM,Brand New,307562500,125,https://ir.ebaystatic.com/cr/v/c1/s_1x2.gif
340,340,"2021 Apple 90%+ M1 Pro MacBook Pro 14"" 16GB/512GB SSD (Gray) A2442 - w/Warranty",Very Good - Refurbished,1133143375,0,https://ir.ebaystatic.com/cr/v/c1/s_1x2.gif
341,341,"Microsoft Surface Pro 7, 12.3"" Wi-Fi 128/256/512, i3/i5/i7 Black/Platinum",Pre-Owned,415608375,98,https://ir.ebaystatic.com/cr/v/c1/s_1x2.gif
342,342,"Dell Precision 3560 3.0 GHz i7-1185G7 32GB 512GB SSD Webcam T500 15.6"" FHD",Pre-Owned,476755125,115,https://ir.ebaystatic.com/cr/v/c1/s_1x2.gif
343,343,2025 Apple MacBook Air 13-inch M4 Chip 16GB RAM 512GB SSD Midnight - Good,Good - Refurbished,1411462500,2,https://ir.ebaystatic.com/cr/v/c1/s_1x2.gif
344,344,Dell Latitude 5330 Laptop 13‚Äù 2-in-1 10-Core i7-1265U 32GB RAM 512GB SSD Win 11,Good - Refurbished,714542500,20,https://ir.ebaystatic.com/cr/v/c1/s_1x2.gif
345,345,"New ListingHP 17-cn3019nr 17.3"" Touchscreen Laptop i3-N305 8GB 512GB SSD W11H",Open Box,556920875,0,https://ir.ebaystatic.com/cr/v/c1/s_1x2.gif
346,346,"New ListingAcer Chromebook Spin 511 R753T R753T-C2MG 11.6"" Touchscreen Chromebook, 32 GB",Open Box,261843750,0,https://ir.ebaystatic.com/cr/v/c1/s_1x2.gif
347,347,"2025 Lenovo IdeaPad Laptop 15.6"" Intel Dual-Core, 20GB RAM 1TB SSD, 1-Yr MS 365",Brand New,580212500,250,https://ir.ebaystatic.com/cr/v/c1/s_1x2.gif
348,348,"HP 15.6"" Touch Screen Laptop Intel i3-1215U 8GB RAM 256GB SSD 15-FD0023DX",Open Box,415608375,2,https://ir.ebaystatic.com/cr/v/c1/s_1x2.gif
349,349,"MacBook Pro 13""  Touch Bar i7 3.5 512GB/16GB VENTURA + NEW BATTERY + WARRANTY",Very Good - Refurbished,663337500,0,https://ir.ebaystatic.com/cr/v/c1/s_1x2.gif
350,350,"Dell 15 Laptop 15.6"" FHD 120 Hz WVA Display Core 3 100U 8GB RAM 512GB SSD Black",Brand New,548541875,0,https://ir.ebaystatic.com/cr/v/c1/s_1x2.gif
351,351,"HP Chromebook 14"" Intel Pentium N5030 4GB RAM 128GB eMMC Chrome OS 14A-NA0062TG",Brand New,224420875,0,https://ir.ebaystatic.com/cr/v/c1/s_1x2.gif
352,352,"Dell - Plus - Copilot+ PC - 16"" 2K 2-in-1 Touchscreen Laptop - Intel Core Ult...",Brand New,1130483375,226,https://ir.ebaystatic.com/cr/v/c1/s_1x2.gif
353,353,New ListingDell Latitude 5520 Laptop - 11th Gen i5-1145G7 16GB 512GB Cam Backlit Touch Sp17,Pre-Owned,347462500,0,https://ir.ebaystatic.com/cr/v/c1/s_1x2.gif
354,354,"HP Victus 15.6"" FHD 144Hz RTX 5060 i7-13620H AI Gaming Laptop 16GB RAM 512GB SSD",Brand New,1496233375,238,https://ir.ebaystatic.com/cr/v/c1/s_1x2.gif
355,355,DELL Latitude Laptop: Intel i7! 32GB RAM ~ 1TB NVME SSD! Windows 11 Pro!,Good - Refurbished,627976125,188,https://ir.ebaystatic.com/cr/v/c1/s_1x2.gif
356,356,"New ListingLenovo ThinkPad T14s Gen 2 i7-1185G7 16GB 512GB SSD 14"" FHD Win 11 Pro w/ AC",Pre-Owned,498733375,0,https://ir.ebaystatic.com/cr/v/c1/s_1x2.gif
357,357,"New ListingLenovo ThinkPad T14s Gen 2 i7-1185G7 16GB 512GB SSD 14"" FHD Win 11 Pro w/ AC",Pre-Owned,498733375,0,https://ir.ebaystatic.com/cr/v/c1/s_1x2.gif
358,358,"New ListingLenovo ThinkPad T14s Gen 2 i7-1185G7 16GB 512GB SSD 14"" FHD Win 11 Pro w/ AC",Pre-Owned,498733375,0,https://ir.ebaystatic.com/cr/v/c1/s_1x2.gif
359,359,"New ListingLenovo ThinkPad T14s Gen 2 i7-1185G7 16GB 512GB SSD 14"" FHD Win 11 Pro w/ AC",Pre-Owned,498733375,0,https://ir.ebaystatic.com/cr/v/c1/s_1x2.gif
360,360,"New ListingLenovo ThinkPad T14s Gen 2 i7-1185G7 16GB 512GB SSD 14"" FHD Win 11 Pro w/ AC",Pre-Owned,498733375,0,https://ir.ebaystatic.com/cr/v/c1/s_1x2.gif
361,361,"New ListingDell Precision 7740 17.3"" | i7-9750H | 32GB PC4 | BIOS Lock, Absolute | RTX 4000",Pre-Owned,631733375,0,https://ir.ebaystatic.com/cr/v/c1/s_1x2.gif
362,362,2025 Apple MacBook Air 15-inch M4 Chip 16GB RAM 512GB SSD Midnight MW1M3LL/A,Open Box,1827087500,60,https://ir.ebaystatic.com/cr/v/c1/s_1x2.gif
363,363,"Apple MacBook 13"" Laptop READY TO USE w/ macOS 10.13 HIGH SIERRA",Pre-Owned,147763000,0,https://ir.ebaystatic.com/cr/v/c1/s_1x2.gif
364,364,HP EliteBook 845 G8 Laptop 14‚Äù FHD AMD Ryzen 5 PRO 16GB RAM 512GB SSD Windows 11,Good - Refurbished,488392625,167,https://ir.ebaystatic.com/cr/v/c1/s_1x2.gif
