,nama,brand,harga,terjual,gambar
0,Shop on eBay,,$479.99,,https://ir.ebaystatic.com/cr/v/c1/s_1x2.gif
1,Shop on eBay,,$479.99,,https://ir.ebaystatic.com/cr/v/c1/s_1x2.gif
2,"Apple MacBook Pro A2251 13"" 512GB,¬†Space Grey",Excellent - Refurbished,"IDR7,464,458.75",Only 1 left!,https://i.ebayimg.com/thumbs/images/g/1agAAeSwyydoSdNB/s-l960.webp
3,"Dell 15.6"" Light Gaming Laptop Intel Core i7 4.20 GHz 64GB RAM 4TB SSD Win11 Pro",Very Good - Refurbished,"IDR5,319,833.75 to IDR13,416,375.00",,https://i.ebayimg.com/thumbs/images/g/baYAAeSwvNNpHMMD/s-l960.webp
4,"New Listingüî•NEW ASUS TUF FA607NUG 16"" AMD Ryzen 7 7445HS/16GB/512GB/RTX4050 Gaming Laptop",Brand New,"IDR11,637,333.75",,https://ir.ebaystatic.com/cr/v/c1/s_1x2.gif
5,Panasonic  CF-31   MK5  5th GEN Core i5  WIN11 PRO  16GB 1TB SSD   BLUE,Pre-Owned,"IDR6,465,130.00",,https://ir.ebaystatic.com/cr/v/c1/s_1x2.gif
6,"Dell - 15.6"" 2K Touchscreen Laptop - Intel Core i5 1334U 2023 - 8GB Memory - ...",Brand New,"IDR6,649,833.75","1,464 sold",https://ir.ebaystatic.com/cr/v/c1/s_1x2.gif
7,Acer Predator Helios Neo 14 Gaming Notebook Intel Ultra7 GeForceRTX4070 16GB 1TB,Certified - Refurbished,"IDR12,867,583.75",766 sold,https://ir.ebaystatic.com/cr/v/c1/s_1x2.gif
8,Acer Swift Go 16 Touchscreen Laptop Intel Ultra 9 32GB RAM 1TB SSD Refurbished,Certified - Refurbished,"IDR9,974,833.75",888 sold,https://ir.ebaystatic.com/cr/v/c1/s_1x2.gif
9,"Acer Aspire 3-15.6"" Laptop AMD Ryzen 5 7520 2.8GHz 16GB RAM 1TB SSD Refurbished",Certified - Refurbished,"IDR3,785,346.25","9,538 sold",https://ir.ebaystatic.com/cr/v/c1/s_1x2.gif
10,"2021 Apple M1 Pro MacBook Pro 14"" 16GB/512GB SSD - (Space Gray) A2442 w/Warranty",Good - Refurbished,"IDR10,075,747.50",140 sold,https://ir.ebaystatic.com/cr/v/c1/s_1x2.gif
11,"2018 Apple MacBook Pro 15"" i9 2.40GHz/32GB/1TB - (Space Gray) A1990 w/Warranty",Good - Refurbished,"IDR5,658,152.50",Only 1 left!,https://ir.ebaystatic.com/cr/v/c1/s_1x2.gif
12,"1 Year Warranty Dell P29T001 11.6"" Chromebook Celeron 1.1GHz/4GB/32GB (Black)",Good - Refurbished,"IDR605,150.00","2,000 sold",https://ir.ebaystatic.com/cr/v/c1/s_1x2.gif
13,"MacBook Pro M1 Pro 10-Core 16-Core GPU 16"" (2021) 32GB 512GB A2485 Gray - Good",Good - Refurbished,"IDR11,636,668.75",,https://ir.ebaystatic.com/cr/v/c1/s_1x2.gif
14,Intel Computer NUC PC Mini 1 TB 8GB i5-8265U 8th gen workstation Desktop Win 10,Brand New,"IDR2,408,463.75",443 sold,https://ir.ebaystatic.com/cr/v/c1/s_1x2.gif
15,"HP ZBOOK 15 G5 15.5"" Intel Core i7-8850H 2.60GHz 32GB RAM 512GB NVMe",Pre-Owned,"IDR3,324,833.75",84 sold,https://ir.ebaystatic.com/cr/v/c1/s_1x2.gif
16,BUNDLE APPLE MACBOOK AIR 13 INCH LAPTOP / 8GB RAM / 256GB SSD / MACOS,Pre-Owned,"IDR3,857,000.00",Only 3 left,https://ir.ebaystatic.com/cr/v/c1/s_1x2.gif
17,"Lenovo ThinkPad T14 Touch 14"" Intel Core i7 4.90 GHz 48GB RAM 4TB SSD Win 11 Pro",Very Good - Refurbished,"IDR6,649,833.75 to IDR13,300,000.00",,https://ir.ebaystatic.com/cr/v/c1/s_1x2.gif
18,"Dell 15.6"" Light Gaming Laptop Intel Core i7 4.20 GHz 64GB RAM 4TB SSD Win11 Pro",Very Good - Refurbished,"IDR4,821,083.75 to IDR14,214,375.00",,https://ir.ebaystatic.com/cr/v/c1/s_1x2.gif
19,"Acer Aspire AI 14-14"" Touchscreen Laptop Intel Core Ultra 5 16GB 1TB Refurbished",Certified - Refurbished,"IDR5,984,833.75",350 sold,https://ir.ebaystatic.com/cr/v/c1/s_1x2.gif
20,"Acer Swift 16"" AI Copilot+PC OLED Intel Ultra7 256V 16GB RAM 1TB SSD Refurbished",Certified - Refurbished,"IDR12,191,445.00",346 sold,https://ir.ebaystatic.com/cr/v/c1/s_1x2.gif
21,"New 15.6"" Windows 11 Laptop, Intel Celeron N5095 12GB RAM 1024GB SSD, Business",Brand New,"IDR3,324,833.75",53 sold,https://ir.ebaystatic.com/cr/v/c1/s_1x2.gif
22,HP EliteBook 14‚Äù FHD AMD Ryzen 5 PRO Laptop PC Up To 32GB RAM 1TB SSD Windows 11,Good - Refurbished,"IDR3,543,120.00 to IDR6,996,298.75",65 sold,https://ir.ebaystatic.com/cr/v/c1/s_1x2.gif
23,"Dell Latitude 13.3"" Laptop - Intel i7 8th Gen | 16GB RAM 256GB NVMe Windows 11",Very Good - Refurbished,"IDR3,324,833.75",78 sold,https://ir.ebaystatic.com/cr/v/c1/s_1x2.gif
24,Acer Nitro V16S Laptop AMD Ryzen 7 GeForce RTX 5060 16GB RAM 1TB SSD Refurbished,Certified - Refurbished,"IDR13,313,133.75",62 sold,https://ir.ebaystatic.com/cr/v/c1/s_1x2.gif
25,"MSI Thin 15 B13VF-2830US 15.6"" Gaming Laptop i5-13420H 4060 16GB 512GB Win11",Certified - Refurbished,"IDR9,958,375.00",61 sold,https://ir.ebaystatic.com/cr/v/c1/s_1x2.gif
26,"HP - Victus 15.6"" 144Hz Full HD Gaming Laptop - AMD Ryzen 7 7445HS - 16GB Mem...",Brand New,"IDR14,962,333.75","3,232 sold",https://ir.ebaystatic.com/cr/v/c1/s_1x2.gif
27,"Dell - Plus - Copilot+ PC - 14"" 2K 2-in-1 Touchscreen Laptop - AMD Ryzen AI 7...",Brand New,"IDR9,143,583.75",165 sold,https://ir.ebaystatic.com/cr/v/c1/s_1x2.gif
28,"Apple - MacBook Air - 13"" - M2 Chip - 16GB RAM - 256GB SSD - Free Shipping",Brand New,"IDR9,974,833.75",Only 1 left!,https://ir.ebaystatic.com/cr/v/c1/s_1x2.gif
29,"Apple M1 MacBook Air 13.3"" 90%+ Battery 8GB 128GB 2020 (Silver) A2337 w/Warranty",Excellent - Refurbished,"IDR6,036,371.25",105 sold,https://ir.ebaystatic.com/cr/v/c1/s_1x2.gif
30,"MAXED!! Apple MacBook Air Retina 13"" + LOADED!! + 2023 OS + EXTRAS! + 256 GB SSD",Pre-Owned,"IDR9,950,062.50",Only 1 left!,https://ir.ebaystatic.com/cr/v/c1/s_1x2.gif
31,"Dell Latitude 5420 14"" 512GB i5-1145G7 WIN11H,¬†Grey",Good - Refurbished,"IDR3,241,875.00",151 sold,https://ir.ebaystatic.com/cr/v/c1/s_1x2.gif
32,Lenovo ThinkPad Laptop Light Gaming PC Core i7 16GB RAM 512GB SSD Windows 11 Pro,Good - Refurbished,"IDR5,271,455.00","2,289 sold",https://ir.ebaystatic.com/cr/v/c1/s_1x2.gif
33,"HP ELITEBOOK 840 G6 14"" Intel Core i5-8365U 1.60GHz 16GB RAM 256GB NVMe",Pre-Owned,"IDR2,493,583.75",Only 2 left,https://ir.ebaystatic.com/cr/v/c1/s_1x2.gif
34,New ListingLenovo Legion 5i Gen 10 OLED Ultra 7 255HX RTX5060 RAM 32GB SSD 1TB + Extras,Open Box,"IDR16,625,000.00",,https://ir.ebaystatic.com/cr/v/c1/s_1x2.gif
35,"Lenovo ThinkPad L13 2-in-1 Touchscreen 13.3"" Laptop Core i5 8GB 256GB SSD Win 11",Good - Refurbished,"IDR3,306,380.00",212 sold,https://ir.ebaystatic.com/cr/v/c1/s_1x2.gif
36,Lenovo ThinkPad X1 Carbon Gen 9 14 - Intel Core i7 32GB 512GB Win 11 Pro * READ,Pre-Owned,"IDR6,649,335.00",Only 1 left!,https://ir.ebaystatic.com/cr/v/c1/s_1x2.gif
37,"2020 Apple MacBook Air 13.3"" M1 3.2GHz 8GB 128GB 7-Core GPU w/1 year Warranty",Good - Refurbished,"IDR5,400,963.75",797 sold,https://ir.ebaystatic.com/cr/v/c1/s_1x2.gif
38,"ASUS - Vivobook 16 16"" FHD+ Laptop - Copilot+ PC - AMD Ryzen AI 5 330 with 16...",Brand New,"IDR8,312,333.75",179 sold,https://ir.ebaystatic.com/cr/v/c1/s_1x2.gif
39,"2025 HP Touch Laptop 15.6"" 10-Core Intel i7, Up to 64GB RAM & 2TB SSD, Win11 Pro",Brand New,"IDR10,955,875.00 to IDR16,608,375.00",115 sold,https://ir.ebaystatic.com/cr/v/c1/s_1x2.gif
40,"Dell Latitude 5310 Business Laptop 13.3"" Win 11 Pro Core i5 16GB RAM 256GB SSD",Good - Refurbished,"IDR3,698,397.50","1,688 sold",https://ir.ebaystatic.com/cr/v/c1/s_1x2.gif
41,Dell Precision 7560 Laptop 15.6‚Äù FHD 8-Core Xeon 32GB RAM 512GB SSD Win 11 Pro,Excellent - Refurbished,"IDR10,473,583.75",83 sold,https://ir.ebaystatic.com/cr/v/c1/s_1x2.gif
42,"Apple MacBook Air M1 8-Core CPU 8GB RAM 128GB SSD 13"" MGN53LL/A (2020)",Good - Refurbished,"IDR5,402,626.25",248 sold,https://ir.ebaystatic.com/cr/v/c1/s_1x2.gif
43,"Lenovo - Yoga 7 2-in-1 - Copilot+ PC - 14"" 2K OLED Touchscreen Laptop - AMD R...",Brand New,"IDR8,811,083.75",84 sold,https://ir.ebaystatic.com/cr/v/c1/s_1x2.gif
44,"Alienware Aurora Ac16250 Gaming 16"" Intel¬Æ Core‚Ñ¢ 7-240H Series 2, 10 cores 512 G",Brand New,"IDR14,131,083.75",171 sold,https://ir.ebaystatic.com/cr/v/c1/s_1x2.gif
45,"Lenovo Slim 7i 14"" WUXGA OLED Touch Aura Edition Ultra 7 258V 32GB RAM 1TB SSD",Certified - Refurbished,"IDR11,620,875.00",,https://ir.ebaystatic.com/cr/v/c1/s_1x2.gif
46,"Lenovo Thinkpad 14"" Light Gaming Laptop AMD Ryzen 5 PRO 4.0GHz 48GB RAM 4TB SSD",Excellent - Refurbished,"IDR6,317,333.75 to IDR13,466,250.00",,https://ir.ebaystatic.com/cr/v/c1/s_1x2.gif
47,Dell Latitude 3590 15.6‚Äù Laptop Intel Core i5 16GB RAM 512GB SSD Windows 11 Pro,Good - Refurbished,"IDR4,023,748.75",409 sold,https://ir.ebaystatic.com/cr/v/c1/s_1x2.gif
48,Laptop HP EliteBook 830 G6 i5 8th Gen 16GB RAM 256GB SSD NVMe FHD Windows 11 Pro,Very Good - Refurbished,"IDR4,371,355.89",Only 2 left,https://ir.ebaystatic.com/cr/v/c1/s_1x2.gif
49,2025 HP Laptop Computer 14 Quad-Core Intel Processor 16GB RAM 628GB Storage,Brand New,"IDR4,804,625.00 to IDR5,137,125.00",17 sold,https://ir.ebaystatic.com/cr/v/c1/s_1x2.gif
50,"2021 Apple M1 Pro MacBook Pro 16"" 16GB/512GB SSD - (Space Gray) A2485 w/Warranty",Good - Refurbished,"IDR11,028,858.75",122 sold,https://ir.ebaystatic.com/cr/v/c1/s_1x2.gif
51,Lenovo ThinkPad  FHD Core i5 8TH Gen 64 GB Ram 2TB  SSD Windows 11 Laptop,Good - Refurbished,"IDR4,173,436.71 to IDR11,642,084.96",15 sold,https://ir.ebaystatic.com/cr/v/c1/s_1x2.gif
52,DELL Latitude Laptop: Intel i5! 16GB RAM! 256GB SSD! Zorin Core Edition!,Good - Refurbished,"IDR2,492,918.75",Only 1 left!,https://ir.ebaystatic.com/cr/v/c1/s_1x2.gif
53,"Apple MacBook Pro 14"" 2021 M1 Pro All Colors All Storage All RAM - Excellent",Excellent - Refurbished,"IDR13,233,333.75",,https://ir.ebaystatic.com/cr/v/c1/s_1x2.gif
54,"2020 Apple M1 MacBook Air 13.3"" 8GB/256GB - (Space Gray) A2337 w/Year Warranty",Good - Refurbished,"IDR5,733,796.25",65 sold,https://ir.ebaystatic.com/cr/v/c1/s_1x2.gif
55,Dell Latitude Touchscreen 2-in-1 Laptop Pentium 8GB RAM 128GB SSD Windows 11 Pro,Good - Refurbished,"IDR2,228,248.75",800 sold,https://ir.ebaystatic.com/cr/v/c1/s_1x2.gif
56,HP EliteBook 845 G7 14‚Äù Laptop AMD Ryzen 5 PRO 16GB RAM 256GB SSD Windows 11 Pro,Excellent - Refurbished,"IDR4,548,600.00",238 sold,https://ir.ebaystatic.com/cr/v/c1/s_1x2.gif
57,"Apple M1 MacBook Air 13"" 8GB 128GB (Space Gray) 2020  A2337 - w/1 Year Warranty",Excellent - Refurbished,"IDR6,338,946.25",95 sold,https://ir.ebaystatic.com/cr/v/c1/s_1x2.gif
58,"ASUS VivoBook S 15 15.6"" 3K OLED Intel Ultra 7 155H 16GB RAM 1TB SSD W11H Laptop",Certified - Refurbished,"IDR9,592,625.00",157 sold,https://ir.ebaystatic.com/cr/v/c1/s_1x2.gif
59,New ListingLenovo Thinkpad T15 Gen 2 Intel i7-1185G7 16GB RAM 512GB SSD Win 11 Touch Screen,Pre-Owned,"IDR4,538,625.00",,https://ir.ebaystatic.com/cr/v/c1/s_1x2.gif
60,HP EliteBook Light Gaming Laptop 1920x1080 6-Core Ryzen 32GB 512GB SSD Win 11,Good - Refurbished,"IDR5,957,236.25",489 sold,https://ir.ebaystatic.com/cr/v/c1/s_1x2.gif
61,MacBook Air 13 inch Laptop - Intel Core i7 - 8GB RAM - 256GB SSD - BUNDLE,Pre-Owned,"IDR4,405,625.00",31 sold,https://ir.ebaystatic.com/cr/v/c1/s_1x2.gif
62,Shop on eBay,,$479.99,,https://ir.ebaystatic.com/cr/v/c1/s_1x2.gif
63,Shop on eBay,,$479.99,,https://ir.ebaystatic.com/cr/v/c1/s_1x2.gif
64,"Dell Latitude 7420 Intel i7-1185G7 @3.00GHz 32GB 512GB M.2 14.0"" UHD Win 11 Pro",Excellent - Refurbished,"IDR5,802,125.00",,https://i.ebayimg.com/thumbs/images/g/G8EAAeSwKVdpF0eP/s-l960.webp
65,"Dell 15.6"" Touchscreen Laptop Windows 11 Intel Core i5 4.40 GHz 64GB RAM 4TB SSD",Very Good - Refurbished,"IDR5,319,833.75 to IDR13,266,750.00",,https://i.ebayimg.com/thumbs/images/g/TLAAAeSwww5pHMEJ/s-l960.webp
66,"New ListingAcer Chromebook Plus 516 GE Gaming Laptop 16in, 8GB RAM, 256GB SSD",Pre-Owned,"IDR4,987,500.00",,https://ir.ebaystatic.com/cr/v/c1/s_1x2.gif
67,New ListingDell Latitude 5590 Laptop Intel Core i5 8th Gen 8GB RAM 512GB M.2 SSD Win 11 Pro,Pre-Owned,"IDR1,994,833.75",,https://ir.ebaystatic.com/cr/v/c1/s_1x2.gif
68,New ListingLenovo Thinkpad T15 Gen 2 Intel i7-1185G7 16GB RAM 512GB SSD Win 11 Touch Screen,Pre-Owned,"IDR4,538,625.00",,https://ir.ebaystatic.com/cr/v/c1/s_1x2.gif
69,"HP - OmniBook X Flip 2-in-1 - Copilot+ PC - 14"" 2K Touch-Screen Laptop - Inte...",Brand New,"IDR10,806,083.75","1,224 sold",https://ir.ebaystatic.com/cr/v/c1/s_1x2.gif
70,"Acer 15.6"" Chromebook Plus 515 CB515-2H-31NY 1920x1080 8GB RAM 128GB Refurbished",Certified - Refurbished,"IDR3,158,583.75","1,671 sold",https://ir.ebaystatic.com/cr/v/c1/s_1x2.gif
71,Dell Latitude E6420 XFR Core i7 CPU 500GB SSD 16GB RAM WIN10 BLACK CARBON,Pre-Owned,"IDR7,388,815.00",,https://ir.ebaystatic.com/cr/v/c1/s_1x2.gif
72,"HP - 15.6"" Full HD Touch-Screen Laptop - Intel Core i7 - 16GB Memory - 512GB ...",Brand New,"IDR8,312,333.75","2,431 sold",https://ir.ebaystatic.com/cr/v/c1/s_1x2.gif
73,FAST CHEAP TOP BRAND INTEL CORE i5 8TH GEN 16GB RAM 480GB SSD WINDOWS 11 LAPTOP,Very Good - Refurbished,"IDR2,855,439.96 to IDR5,491,433.46",75 sold,https://ir.ebaystatic.com/cr/v/c1/s_1x2.gif
74,"Dell - 15.6"" 2K Touchscreen Laptop - Intel Core i7 1355U 2023 - 16GB Memory -...",Brand New,"IDR13,299,833.75","1,618 sold",https://ir.ebaystatic.com/cr/v/c1/s_1x2.gif
75,"Acer Aspire 3 14""Notebook FHD Intel i3-N305 8GB RAM 128GB SSD 1.8GHz Refurbished",Certified - Refurbished,"IDR2,909,208.75",160 sold,https://ir.ebaystatic.com/cr/v/c1/s_1x2.gif
76,"Acer Chromebook Spin 511 R752T-C3M5 11.6"" 32GB,¬†Touchscreen 2 n 1 Touch Chrome",Good - Refurbished,"IDR882,621.25",64 sold,https://ir.ebaystatic.com/cr/v/c1/s_1x2.gif
77,"Lenovo ThinkPad T490s 14"" HD Business Laptop Core i5 8GB RAM 256GB SSD Win 11",Good - Refurbished,"IDR3,334,476.25",509 sold,https://ir.ebaystatic.com/cr/v/c1/s_1x2.gif
78,"Dell Latitude 5320 (13.3"", 16GB, 512GB SSD, i5-1145G7 2.60GHz) Win11P,¬†Gray",Good - Refurbished,"IDR3,474,625.00",Only 1 left!,https://ir.ebaystatic.com/cr/v/c1/s_1x2.gif
79,"Dell Latitude 5501 (15.6"", 16GB, 256GB SSD, i7-9850H 2.60GHz) Win11P,¬†Black",Very Good - Refurbished,"IDR3,823,583.75",,https://ir.ebaystatic.com/cr/v/c1/s_1x2.gif
80,"Dell 14"" FHD Laptop Intel Quad Core i7 4.20GHz 64GB RAM 4TB SSD Windows 11 Pro",Very Good - Refurbished,"IDR3,989,833.75 to IDR10,972,500.00",,https://ir.ebaystatic.com/cr/v/c1/s_1x2.gif
81,"Lenovo - IdeaPad 3i Chromebook 15.6"" Full HD Laptop - Intel Celeron 2021 - 4G...",Brand New,"IDR2,975,875.00",805 sold,https://ir.ebaystatic.com/cr/v/c1/s_1x2.gif
82,"Apple MacBook Air (13-inch, M3, 2024) 16GB RAM -256GB SSD 10-core GPU- Good",Good - Refurbished,"IDR10,789,625.00",,https://ir.ebaystatic.com/cr/v/c1/s_1x2.gif
83,Dell Latitude 3190 2-in-1 Touch Laptop Intel Pentium 8GB RAM 128GB SSD Win 11,Good - Refurbished,"IDR1,885,441.25",522 sold,https://ir.ebaystatic.com/cr/v/c1/s_1x2.gif
84,"Apple MacBook Air 15"" M4 chip 16GB RAM 256GB SSD Midnight MW1L3LL/A 2025 Model",Open Box,"IDR14,945,875.00",306 sold,https://ir.ebaystatic.com/cr/v/c1/s_1x2.gif
85,Panasonic  CF-31   MK5  5th GEN Core i5  WIN11 PRO  16GB 1TB SSD WWAN  BLACK,Pre-Owned,"IDR6,465,130.00",,https://ir.ebaystatic.com/cr/v/c1/s_1x2.gif
86,"HP Chromebook 11 G7 11.6"" Intel 2.60 GHz 4 GB RAM 32 GB eMMC Bluetooth Webcam SD",Very Good - Refurbished,"IDR1,130,333.75",148 sold,https://ir.ebaystatic.com/cr/v/c1/s_1x2.gif
87,"Lenovo - IdeaPad Slim 3 15.6"" Full HD Touchscreen Laptop - AMD Ryzen 7 5825U ...",Brand New,"IDR7,481,083.75",582 sold,https://ir.ebaystatic.com/cr/v/c1/s_1x2.gif
88,"Lenovo - IdeaPad Slim 3 Chromebook 14"" Full HD Laptop - MediaTek Kompanio 520...",Brand New,"IDR2,477,125.00","1,060 sold",https://ir.ebaystatic.com/cr/v/c1/s_1x2.gif
89,"Acer Chromebook Plus 514 14"" Laptop Intel i3-N305 8GB RAM 512GB SSD Refurbished",Certified - Refurbished,"IDR2,992,333.75",110 sold,https://ir.ebaystatic.com/cr/v/c1/s_1x2.gif
90,"MacBook Pro M1 Pro 10-Core 16-Core GPU 16"" (2021) 16GB 512GB A2485 Gray - Good",Good - Refurbished,"IDR11,304,168.75",,https://ir.ebaystatic.com/cr/v/c1/s_1x2.gif
91,"Acer Aspire 5 15.6"" Laptop Intel i7-13620H 2.4 GH 16GB RAM 512GB SSD Refurbished",Certified - Refurbished,"IDR5,984,833.75",187 sold,https://ir.ebaystatic.com/cr/v/c1/s_1x2.gif
92,"Dell Latitude 14"" Laptop Computer Intel i5 Up To 32GB RAM 1TB SSD Windows 11 Pro",Good - Refurbished,"IDR4,384,511.25 to IDR9,273,425.00",30 sold,https://ir.ebaystatic.com/cr/v/c1/s_1x2.gif
93,"Dell Latitude 3320 Laptop 13.3"" HD Core i5 4.4GHz 8GB RAM 256GB SSD Windows 11",Good - Refurbished,"IDR3,444,866.25",690 sold,https://ir.ebaystatic.com/cr/v/c1/s_1x2.gif
94,Apple MacBook Air Laptop - 1 YEAR WARRANTY - FREE SHIPPING - FACETIME - WIFI,Pre-Owned,"IDR3,574,375.00",Only 3 left,https://ir.ebaystatic.com/cr/v/c1/s_1x2.gif
95,"Dell 7490 14"" Light Gaming Intel Core i7 4.20GHz 32GB RAM 1TB SSD Windows 11 Pro",Very Good - Refurbished,"IDR7,796,958.75",421 sold,https://ir.ebaystatic.com/cr/v/c1/s_1x2.gif
96,"HP - OmniBook X Flip 2-in-1 - Copilot+ PC - 14"" 2K Touch-Screen Laptop - Inte...",Brand New,"IDR8,312,333.75",168 sold,https://ir.ebaystatic.com/cr/v/c1/s_1x2.gif
97,"13"" Apple MacBook Air 512gb SSD 8gb 2.7Ghz i5 TURBO - Monterey - 3 Year WARRANTY",Pre-Owned,"IDR4,305,875.00",Only 1 left!,https://ir.ebaystatic.com/cr/v/c1/s_1x2.gif
98,Apple MacBook Pro A2141 i7-9750H 2019 16GB/512GB Sonoma - Cosmetic (READ),Pre-Owned,"IDR3,989,833.75",Only 3 left,https://ir.ebaystatic.com/cr/v/c1/s_1x2.gif
99,New ListingLG Gram 14T90Q INTEL CORE I7-1260P@2.10GHz 8GB RAM NO DRIVE PARTS 8325,Parts Only,"IDR2,660,000.00",,https://ir.ebaystatic.com/cr/v/c1/s_1x2.gif
100,"Alienware - 16 Aurora - 16"" 2.5K Gaming Laptop - Intel Core 7 240H 2024 - 32G...",Brand New,"IDR24,937,333.75",301 sold,https://ir.ebaystatic.com/cr/v/c1/s_1x2.gif
101,"HP ChromeBook 14 G5 14"" Touchscreen HD Laptop AMD A4 8GB RAM 32GB SSD Chrome OS",Very Good - Refurbished,"IDR1,575,218.75",458 sold,https://ir.ebaystatic.com/cr/v/c1/s_1x2.gif
102,"Dell Latitude 3330 13"" FHD Laptop 4-Core i5 4.5GHz 8GB RAM 256GB SSD Win 11 Pro",Good - Refurbished,"IDR3,508,540.00",166 sold,https://ir.ebaystatic.com/cr/v/c1/s_1x2.gif
103,"HP ProBook 640 G8 14"" 32GB 512GB SSD Intel I7-1185G7 3.0GHz Win11P, Silver",Very Good - Refurbished,"IDR4,638,375.00",Only 1 left!,https://ir.ebaystatic.com/cr/v/c1/s_1x2.gif
104,Business 17 Inch Windows 11 Laptop With 128GB / 256GB / 512GB SSD Intel Celeron,Brand New,"IDR3,308,208.75 to IDR3,790,500.00",,https://ir.ebaystatic.com/cr/v/c1/s_1x2.gif
105,Lot of 5 HP EliteBook- x360 1030 G2 Touch 13.3- i7-7500U-16GB-RAM 256GB SSD,Pre-Owned,"IDR13,300,000.00",,https://ir.ebaystatic.com/cr/v/c1/s_1x2.gif
106,"HP - OmniBook X Flip 2-in-1 - Copilot+ PC - 16"" 2K Touch-Screen Laptop - AMD ...",Brand New,"IDR14,131,083.75","1,829 sold",https://ir.ebaystatic.com/cr/v/c1/s_1x2.gif
107,"Acer Chromebook Plus 514 - 14"" AMD Ryzen 3 7320C 8GB RAM 256GB SSD Refurbished",Certified - Refurbished,"IDR3,324,833.75",350 sold,https://ir.ebaystatic.com/cr/v/c1/s_1x2.gif
108,New ListingLenovo Legion Go 2 - AMD Ryzen Z2 - 32GB RAM - 1TB W/ 4 GAMES - 8.8 OLED‚ÄîSEALED!,Brand New,"IDR28,262,333.75",,https://ir.ebaystatic.com/cr/v/c1/s_1x2.gif
109,"HP - 14"" Laptop - Intel Processor N150 - 4GB Memory - 128GB UFS - Natural Silver",Brand New,"IDR2,327,333.75","3,922 sold",https://ir.ebaystatic.com/cr/v/c1/s_1x2.gif
110,"Lenovo ThinkPad T480s 14"" Intel i7-8650U 1.90GHz 16GB RAM 256GB SSD Great Shape!",Pre-Owned,"IDR3,324,833.75",,https://ir.ebaystatic.com/cr/v/c1/s_1x2.gif
111,"Lenovo - Yoga 7i 2-in-1 16"" 2K Touchscreen Laptop - Intel Core Ultra 7 155U 2...",Brand New,"IDR10,806,083.75","2,975 sold",https://ir.ebaystatic.com/cr/v/c1/s_1x2.gif
112,"Acer Aspire 14 AI Laptop 14"" Touchscreen Intel Core Ultra 5 16GB 1TB Refurbished",Very Good - Refurbished,"IDR5,627,728.75",Only 1 left!,https://ir.ebaystatic.com/cr/v/c1/s_1x2.gif
113,"14"" DELL Latitude Laptop: Intel i5! 4GB RAM! 128GB SSD! Zorin Core Edition!",Good - Refurbished,"IDR1,660,671.25",Only 2 left,https://ir.ebaystatic.com/cr/v/c1/s_1x2.gif
114,"New ListingApple MacBook Pro 15.4"" Intel Core i7 2.6GHz 16GB RAM 512GB SSD A1990",Pre-Owned,"IDR3,308,375.00",,https://ir.ebaystatic.com/cr/v/c1/s_1x2.gif
115,"HP OmniBook X Laptop Computer 16"" 3K Touch Screen Intel Core Ultra 7 16 GB",Brand New,"IDR14,962,333.75",51 sold,https://ir.ebaystatic.com/cr/v/c1/s_1x2.gif
116,"2025 ASUS Vivobook 14"" FHD Laptop, 6-Core Intel i3 Up to 40GB RAM 2TB SSD WinPro",Brand New,"IDR4,970,875.00 to IDR9,127,125.00",18 sold,https://ir.ebaystatic.com/cr/v/c1/s_1x2.gif
117,Acer Swift 14 +AI | AMD Ryzen AI 9 | AMD Radeon 880M | 32GB 1TB Certified Refurb,Certified - Refurbished,"IDR10,998,435.00",72 sold,https://ir.ebaystatic.com/cr/v/c1/s_1x2.gif
118,"Lenovo - LOQ 15.6"" Full HD Gaming Laptop - Intel Core i7-13650HX 2023 - 16GB ...",Brand New,"IDR21,612,333.75",433 sold,https://ir.ebaystatic.com/cr/v/c1/s_1x2.gif
119,MacBook Pro 16 Touch Bar Gray 2019 2.4 GHz i9 64GB 512GB Radeon Pro 5300M 4GB,Very Good - Refurbished,"IDR7,813,583.75",15 sold,https://ir.ebaystatic.com/cr/v/c1/s_1x2.gif
120,LENOVO THINKPAD P70 17‚Äù i7 6700HQ 2.6GHz 32GB RAM 1TB+256GB NVIDIA Quadro M600M,Pre-Owned,"IDR4,305,875.00",Only 1 left!,https://ir.ebaystatic.com/cr/v/c1/s_1x2.gif
121,"New ListingLenovo Legion Go 8.8"" Laptop AMD Ryzen Z1 Extreme, 500GB SSD, 1TB Ssd W/ Dock",Open Box,"IDR8,312,500.00",,https://ir.ebaystatic.com/cr/v/c1/s_1x2.gif
122,Dell Latitude E6420 XFR Core i7 CPU 500GB SSD 16GB RAM WIN10 BLUE with CARBON,Pre-Owned,"IDR7,388,815.00",,https://ir.ebaystatic.com/cr/v/c1/s_1x2.gif
123,"HP ZBOOK 15 G6 15.5"" Intel Core i7-9850H 2.60GHz 32GB RAM 512GB NVMe",Pre-Owned,"IDR4,156,083.75",Only 1 left!,https://ir.ebaystatic.com/cr/v/c1/s_1x2.gif
124,Shop on eBay,,$479.99,,https://ir.ebaystatic.com/cr/v/c1/s_1x2.gif
125,Shop on eBay,,$479.99,,https://ir.ebaystatic.com/cr/v/c1/s_1x2.gif
126,DELL Latitude Touchscreen Laptop: Intel i7 32GB RAM ~ 512GB SSD! Windows 11 Pro!,Good - Refurbished,"IDR5,818,750.00",24 sold,https://i.ebayimg.com/thumbs/images/g/iIkAAeSwgIdpLbyO/s-l960.webp
127,"Dell Latitude 5520 15.6"", 16GB 512GB SSD, i7-1185G7 4.4GHz, Windows 11 Pro",Very Good - Refurbished,"IDR6,101,375.00",50 sold,https://i.ebayimg.com/thumbs/images/g/1AEAAeSwt81oh5v1/s-l960.webp
128,"Dell Latitude 3390 Touchscreen Laptop 13.3"" Core i3 8GB RAM 256GB SSD Win 11 Pro",Good - Refurbished,"IDR2,968,227.50","2,413 sold",https://ir.ebaystatic.com/cr/v/c1/s_1x2.gif
129,Lenovo ThinkPad T480 Business Laptop 14‚Äù FHD Core i5 16GB RAM 512GB SSD Win 11,Good - Refurbished,"IDR3,961,238.75",331 sold,https://ir.ebaystatic.com/cr/v/c1/s_1x2.gif
130,"Asus Touch Chromebook Flip 14"" i3 1.80GHz/8GB/128GB SSD - CX5400FM w/Warranty",Very Good - Refurbished,"IDR2,327,333.75",,https://ir.ebaystatic.com/cr/v/c1/s_1x2.gif
131,"Asus Touch Chromebook Flip 14"" i3 1.80GHz/8GB/128GB SSD CX5400FM - w/Warranty",Good - Refurbished,"IDR2,027,252.50",,https://ir.ebaystatic.com/cr/v/c1/s_1x2.gif
132,Lenovo ThinkPad T14 Touchscreen Laptop Intel Core i7 4.90 GHz 48GB RAM 4TB SSD,Very Good - Refurbished,"IDR5,486,083.75 to IDR11,554,375.00",,https://ir.ebaystatic.com/cr/v/c1/s_1x2.gif
133,Lenovo Legion Slim 5 Gen 8 14 120Hz QHD+ 3.8GHz Ryzen 7 7840HS 16GB 1TB RTX 4060,Excellent - Refurbished,"IDR14,629,833.75",Only 1 left!,https://ir.ebaystatic.com/cr/v/c1/s_1x2.gif
134,"ASUS - Vivobook 14 14"" FHD Laptop - Intel Core 5 120U with 8GB Memory - 256GB...",Brand New,"IDR5,486,083.75",58 sold,https://ir.ebaystatic.com/cr/v/c1/s_1x2.gif
135,"HP OmniBook X AI 14-fe0013dx 14"" Touch Elite X1E-78-100 16GB 1TB SSD W11 Laptop",Very Good - Refurbished,"IDR6,982,500.00",,https://ir.ebaystatic.com/cr/v/c1/s_1x2.gif
136,"Apple Macbook Pro 15"" - i7 16GB RAM + 512GB SSD - Great Value + Holiday Gift",Pre-Owned,"IDR3,640,875.00 to IDR3,973,375.00",,https://ir.ebaystatic.com/cr/v/c1/s_1x2.gif
137,"ASUS - Zenbook A14 14"" FHD+ OLED  Snapdragon X Plus 16GB RAM 512GB SSD",Pre-Owned,"IDR7,065,458.75",Only 1 left!,https://ir.ebaystatic.com/cr/v/c1/s_1x2.gif
138,Acer Nitro V15 Gaming Notebook GeForceRTX4050 Inteli5 16GB 512GB SSD Refurbished,Certified - Refurbished,"IDR9,077,083.75",Only 3 left,https://ir.ebaystatic.com/cr/v/c1/s_1x2.gif
139,Dell Latitude Light Gaming Laptop Core i7 4.20GHz Windows 11 64GB RAM 4TB SSD,Very Good - Refurbished,"IDR4,987,333.75 to IDR13,965,000.00",,https://ir.ebaystatic.com/cr/v/c1/s_1x2.gif
140,New ListingLenovo YOGA 7 2 IN 1 14IML9 Laptop ULTRA 5 125U 16GB RAM Does Not Power,Parts Only,"IDR3,158,583.75",,https://ir.ebaystatic.com/cr/v/c1/s_1x2.gif
141,"Dell Latitude 14"" Light Gaming Laptop 32GB RAM 1TB SSD Intel Core i7 Windows 11",Very Good - Refurbished,"IDR7,314,833.75",,https://ir.ebaystatic.com/cr/v/c1/s_1x2.gif
142,"Lenovo YOGA Book 9i 2-in-1 13.3"" Dual Screen Laptop (Ultra 7 155U/16GB/1TB/OLED)",Open Box,"IDR14,962,333.75",Only 2 left,https://ir.ebaystatic.com/cr/v/c1/s_1x2.gif
143,"SGIN 15.6"" Windows 11 Laptop 12GB RAM 1TB SSD Intel Celeron Portable Business PC",Brand New,"IDR3,308,208.75",,https://ir.ebaystatic.com/cr/v/c1/s_1x2.gif
144,New ListingNew Dell Latitude 5440 14‚Äù FHD Touch ‚Äì i5-1335U / 16GB / 256GB SSD / Win 11 / 6E,Brand New,"IDR6,649,833.75",,https://ir.ebaystatic.com/cr/v/c1/s_1x2.gif
145,"New ListingHP Pavilion 16-af0010nr 16"" Laptop, Intel Core Ultra 5 125U, 8GB, 512GB, Silver",Open Box,"IDR5,818,583.75",,https://ir.ebaystatic.com/cr/v/c1/s_1x2.gif
146,"ASUS VivoBook 16"" WUXGA Notebook Intel Core i7-13620H 16GB DDR4 RAM 512GB SSD",Brand New,"IDR7,813,583.75","7,564 sold",https://ir.ebaystatic.com/cr/v/c1/s_1x2.gif
147,"Lenovo Legion Go 2 8.8"" 144Hz OLED AMD Ryzen Z2 Extreme 32GB 1TB SHIPS TODAY",Open Box,"IDR34,912,333.75",Only 1 left!,https://ir.ebaystatic.com/cr/v/c1/s_1x2.gif
148,"2021 Apple M1 Pro MacBook Pro 14"" 16GB/512GB SSD (Space Gray) A2442 - w/Warranty",Very Good - Refurbished,"IDR10,892,700.00",51 sold,https://ir.ebaystatic.com/cr/v/c1/s_1x2.gif
149,"HP Victus 15.6"" FHD Gaming Laptop RTX 4050 AMD Ryzen 7 7445HS 16GB RAM 512GB SSD",Brand New,"IDR11,104,668.75",,https://ir.ebaystatic.com/cr/v/c1/s_1x2.gif
150,LG Gram 15 Ultra-Light Laptop Intel Core Ultra 7 16GB 1TB SSD W11,Excellent - Refurbished,"IDR11,055,458.75",,https://ir.ebaystatic.com/cr/v/c1/s_1x2.gif
151,2025 Apple MacBook Air 13-inch M4 Chip 16GB RAM 512GB SSD Midnight MW133LL/A,Open Box,"IDR14,945,875.00",161 sold,https://ir.ebaystatic.com/cr/v/c1/s_1x2.gif
152,"New ListingHP ZBOOK 17 G6 17"" Intel Core i7-9750H 2.60GHz 32GB RAM 512GB SSD WINDOWS 11",Pre-Owned,"IDR3,740,625.00",,https://ir.ebaystatic.com/cr/v/c1/s_1x2.gif
153,Lenovo Legion Pro 5 Gen 10 WQXGA Ryzen 9 8945HX RTX5070 32GB 1TB Gaming Laptop,Certified - Refurbished,"IDR22,759,625.00",Only 1 left!,https://ir.ebaystatic.com/cr/v/c1/s_1x2.gif
154,Dell Latitude 7310 Laptop 13.3‚Äù FHD Core i7 16GB RAM 512GB SSD Windows 11 Pro,Good - Refurbished,"IDR5,108,031.25",348 sold,https://ir.ebaystatic.com/cr/v/c1/s_1x2.gif
155,DELL Latitude Laptop Computer PC 14 Core i5 32GB 1TB SSD Windows 11 TOUCHSCREEN!,Pre-Owned,"IDR3,158,583.75 to IDR5,486,083.75",,https://ir.ebaystatic.com/cr/v/c1/s_1x2.gif
156,"HP ZBOOK 17 G6 17"" Intel Core i7-9850H 2.60GHz 32GB RAM 512GB NVMe",Pre-Owned,"IDR4,987,333.75",Only 1 left!,https://ir.ebaystatic.com/cr/v/c1/s_1x2.gif
157,HP EliteBook Laptop Computer 14‚Äù HD AMD Ryzen 5 16GB RAM 256GB SSD Win 11 WiFi,Good - Refurbished,"IDR3,229,738.75",406 sold,https://ir.ebaystatic.com/cr/v/c1/s_1x2.gif
158,2025 Apple MacBook Air 15-inch M4 Chip 16GB RAM 256GB SSD Midnight MW1L3LL/A,Open Box,"IDR15,444,625.00",75 sold,https://ir.ebaystatic.com/cr/v/c1/s_1x2.gif
159,"2025 Acer Nitro V Gaming Laptop 16"" 180Hz RTX 5050 Ryzen 5 240 16GB RAM 512GB",Brand New,"IDR12,135,418.75",30 sold,https://ir.ebaystatic.com/cr/v/c1/s_1x2.gif
160,"Apple MacBook Pro 14"" Apple M4 chip 16GB RAM 512GB SSD Space Black MW2U3LL/A",Open Box,"IDR18,756,325.00",474 sold,https://ir.ebaystatic.com/cr/v/c1/s_1x2.gif
161,"New ListingASUS ROG G74S 17.3"" i7-2630QM Nvidia GTX 560M 16GB Ballistix RAM NO HDD, AS-IS",Parts Only,"IDR2,077,293.75",,https://ir.ebaystatic.com/cr/v/c1/s_1x2.gif
162,New ListingDELL LATITUDE 14 RUGGED 5414 Intel i5  TOUCHSCREEN 16GB 250GB SSD BAT EXC 202696,Pre-Owned,"IDR4,305,875.00",,https://ir.ebaystatic.com/cr/v/c1/s_1x2.gif
163,"Cyber Special - Dell Latitude 7430 Laptop -Core i7-1265U 16GB 512GB SSD - 14""",Very Good - Refurbished,"IDR4,759,737.50",,https://ir.ebaystatic.com/cr/v/c1/s_1x2.gif
164,"2025 SGIN Laptop 17.3 inch, Intel N5095, Up to 12GB RAM &512GB SSD",Brand New,"IDR3,324,667.50 to IDR4,820,917.50",,https://ir.ebaystatic.com/cr/v/c1/s_1x2.gif
165,"Dell Latitude 5510 15.6"" 256GB i5-10310U WIN11P,¬†Silver",Very Good - Refurbished,"IDR3,807,125.00",,https://ir.ebaystatic.com/cr/v/c1/s_1x2.gif
166,Lenovo N23 Touchscreen Chromebook Intel 1.60 GHz 4GB Ram 16GB with Charger,Pre-Owned,"IDR581,708.75",89 sold,https://ir.ebaystatic.com/cr/v/c1/s_1x2.gif
167,New ListingDELL PRECISION 7750 FHD Xeon W-10885M 64GB RAM 512GB SSD RTX 3000 Backlit KB,Pre-Owned,"IDR8,977,500.00",,https://ir.ebaystatic.com/cr/v/c1/s_1x2.gif
168,Lenovo Ideapad Pro 5 - OLED - 120hz - 16IAH10 Ultra 9 285H Rtx5050 32GB 1TB SSD,Open Box,"IDR18,286,668.75",,https://ir.ebaystatic.com/cr/v/c1/s_1x2.gif
169,"2020 Apple M1 MacBook Air 13.3"" 16GB/512GB SSD - (Space Gray) A2337 w/Warranty",Good - Refurbished,"IDR7,700,533.75",,https://ir.ebaystatic.com/cr/v/c1/s_1x2.gif
170,Lenovo Legion 5 15.1  OLED WQXGA 165Hz Gaming Notebook Intel Core Ultra 9 275HX,Brand New,"IDR24,438,583.75",,https://ir.ebaystatic.com/cr/v/c1/s_1x2.gif
171,"Lenovo LOQ 15.6"" FHD Gaming Laptop i5-13450HX 16GB RAM RTX 5050 512GB SSD Grey",Open Box,"IDR12,285,875.00",,https://ir.ebaystatic.com/cr/v/c1/s_1x2.gif
172,"Lenovo Ideapad 5x 14"" OLED 2-in-1 Touch Snapdragon X Plus 16GB 1TB SSD w/ Pen",Open Box,"IDR8,279,250.00",58 sold,https://ir.ebaystatic.com/cr/v/c1/s_1x2.gif
173,"MSI Crosshair 18 HX AI A2XWGKG-012US 18"" Gaming Laptop QHD U9-275HX 5070 1TB",Certified - Refurbished,"IDR20,516,081.25",71 sold,https://ir.ebaystatic.com/cr/v/c1/s_1x2.gif
174,"Lenovo LOQ-E 15.6"" 144Hz Gaming Laptop i5-12450HX 16GB RAM 512GB SSD RTX 3050",Brand New,"IDR8,977,333.75","8,140 sold",https://ir.ebaystatic.com/cr/v/c1/s_1x2.gif
175,"Lenovo ThinkPad T14s Gen 6 14"" WUXGA Snapdragon X Elite 32GB 1TB SSD FPReader",Certified - Refurbished,"IDR13,715,625.00",,https://ir.ebaystatic.com/cr/v/c1/s_1x2.gif
176,"HP ELITEBOOK 840 G6 14"" Intel Core i5-8365U 1.60GHz 16GB RAM 256GB NVMe",Pre-Owned,"IDR2,402,146.25",Only 1 left!,https://ir.ebaystatic.com/cr/v/c1/s_1x2.gif
177,New ListingDELL LATITUDE 14 RUGGED 5414 Intel i5  TOUCHSCREEN 16GB 250GB SSD BAT EXC 202603,Pre-Owned,"IDR4,305,875.00",,https://ir.ebaystatic.com/cr/v/c1/s_1x2.gif
178,"2024 Apple M4 Max MacBook 16.2"" 36GB/1TB SSD (Silver) 5X2V3LL/A w/Year Warranty",Excellent - Refurbished,"IDR39,234,833.75",15 sold,https://ir.ebaystatic.com/cr/v/c1/s_1x2.gif
179,"New ListingHP Laptop 17-CN0108DS 17"" Pentium Gold 7505@2.0GHz 12GB RAM 256GB SSD Open Box",Open Box,"IDR3,324,833.75",,https://ir.ebaystatic.com/cr/v/c1/s_1x2.gif
180,"Apple MacBook Pro 14"" 2021 M1 Pro 1TB 16GB RAM Space Gray - Excellent",Excellent - Refurbished,"IDR13,233,333.75",,https://ir.ebaystatic.com/cr/v/c1/s_1x2.gif
181,New ListingLot of 5 Mixed HP Envy/Elitebook i5/i7 7th Gen 8/16GB RAM 256/No SSD No OS,Pre-Owned,"IDR7,646,668.75",,https://ir.ebaystatic.com/cr/v/c1/s_1x2.gif
182,"2020 MacBook Pro A2338 13"" M1 8-Core CPU 3.2GHz 8-Core GPU 16GB RAM 256GB SSD",Good - Refurbished,"IDR7,481,083.75",39 sold,https://ir.ebaystatic.com/cr/v/c1/s_1x2.gif
183,Apple MacBook Pro A2485 M1 Pro Chip 32GB/1TB - Cosmetic (Read Description),Pre-Owned,"IDR13,216,708.75",,https://ir.ebaystatic.com/cr/v/c1/s_1x2.gif
184,Dell Latitude 5330 13.3‚Äù Business Laptop Core i5 16GB RAM 128GB SSD Windows 11,Good - Refurbished,"IDR3,981,022.50",366 sold,https://ir.ebaystatic.com/cr/v/c1/s_1x2.gif
185,Dell Latitude 14‚Äù Full HD Laptop PC Core i7 4.9GHz 16GB RAM 512GB SSD Windows 11,Good - Refurbished,"IDR4,758,906.25",Only 3 left,https://ir.ebaystatic.com/cr/v/c1/s_1x2.gif
186,Shop on eBay,,$479.99,,https://ir.ebaystatic.com/cr/v/c1/s_1x2.gif
187,Shop on eBay,,$479.99,,https://ir.ebaystatic.com/cr/v/c1/s_1x2.gif
188,Dell Latitude 7410 Business Laptop 14‚Äù Core i5 16GB RAM 512GB SSD Windows 11 Pro,Good - Refurbished,"IDR4,006,292.50",353 sold,https://i.ebayimg.com/thumbs/images/g/tqQAAeSwc3VpAvIu/s-l960.webp
189,Apple MacBook Air 13 inch Laptop - Intel Core i7 - 8GB RAM - 256GB SSD - BUNDLE,Pre-Owned,"IDR4,239,375.00",,https://i.ebayimg.com/thumbs/images/g/~xYAAeSwHtppLdHW/s-l960.webp
190,"HP ELITEBOOK 840 G6 14"" Intel Core i5-8365U 1.60GHz 16GB RAM 256GB NVMe",Pre-Owned,"IDR2,493,583.75",Only 1 left!,https://ir.ebaystatic.com/cr/v/c1/s_1x2.gif
191,DELL Latitude Touchscreen Laptop: Intel i7 32GB RAM ~ 512GB SSD! Windows 11 Pro!,Pre-Owned,"IDR6,068,125.00",23 sold,https://ir.ebaystatic.com/cr/v/c1/s_1x2.gif
192,"New ListingApple MacBook Pro A2141 16"" i9-9880H 16 GB RAM 1 TB SSD 5500M Sequoia 97 Cycles",Pre-Owned,"IDR5,486,083.75",,https://ir.ebaystatic.com/cr/v/c1/s_1x2.gif
193,"HP OmniBook 7 Laptop Computer 16"" 2K Touch Screen Intel Core Ultra 5 16 GB",Brand New,"IDR9,143,583.75",,https://ir.ebaystatic.com/cr/v/c1/s_1x2.gif
194,"Dell Dc15250 15.6"" Touch 13th Gen Intel¬Æ Core‚Ñ¢ i7-1355U, 10 cores 1 TB SSD 16 GB",Brand New,"IDR12,468,583.75",849 sold,https://ir.ebaystatic.com/cr/v/c1/s_1x2.gif
195,"Apple MacBook Air 15"" M4 chip 16GB RAM 256GB SSD Sky Blue MC7A4LL/A 2025 Model",Open Box,"IDR14,131,083.75",325 sold,https://ir.ebaystatic.com/cr/v/c1/s_1x2.gif
196,"HP Elitebook 830 G8 13.3"" FHD TS Laptop Intel i7-1185G7 3GHz 32GB 512GB W11P",Excellent - Refurbished,"IDR6,109,521.25",410 sold,https://ir.ebaystatic.com/cr/v/c1/s_1x2.gif
197,"Apple MacBook Pro 16"" Apple M4 Pro chip 24GB RAM 512GB SSD Space Black MX2X3LL/A",Open Box,"IDR29,908,375.00",Only 1 left!,https://ir.ebaystatic.com/cr/v/c1/s_1x2.gif
198,"Apple MacBook Pro A2141 16"" i7-9750H 2.6GHz 16GB/512GB Radeon Pro 5300M - Tahoe",Good - Refurbished,"IDR5,402,958.75",83 sold,https://ir.ebaystatic.com/cr/v/c1/s_1x2.gif
199,New ListingASUS ROG M16 GU604VI Laptop - i9 - 16GB - No Drives - Parts 116,Parts Only,"IDR7,464,625.00",,https://ir.ebaystatic.com/cr/v/c1/s_1x2.gif
200,Microsoft Surface Pro Copilot+ PC Touchscreen 13  LCD Snapdragon X Plus 16GB RAM,Brand New,"IDR12,468,583.75",58 sold,https://ir.ebaystatic.com/cr/v/c1/s_1x2.gif
201,"Dell Latitude 5431 14"" 256GB i5-1250P WIN11P,¬†Silver",Good - Refurbished,"IDR3,444,700.00",13 sold,https://ir.ebaystatic.com/cr/v/c1/s_1x2.gif
202,"Dell Latitude 5320 13.3"" 512GB I7-1185G7 WIN11P,¬†Gray",Good - Refurbished,"IDR4,505,375.00",,https://ir.ebaystatic.com/cr/v/c1/s_1x2.gif
203,"Dell Latitude 14 3420 14"" 512GB i5-1145G7 WIN11P,¬†Gray",Good - Refurbished,"IDR3,308,375.00",37 sold,https://ir.ebaystatic.com/cr/v/c1/s_1x2.gif
204,New ListingDELL LATITUDE 14 RUGGED 5414 Intel i5  TOUCHSCREEN 16GB 250GB SSD BAT EXC 203141,Pre-Owned,"IDR4,305,875.00",,https://ir.ebaystatic.com/cr/v/c1/s_1x2.gif
205,New ListingHP 840 G8 Laptops (i7-1185G7 3GHz CPU 32GB RAM) (Read the Description)),Parts Only,"IDR3,336,471.25",,https://ir.ebaystatic.com/cr/v/c1/s_1x2.gif
206,"New ListingDell Precision 7750 17.3"" | 2.70GHz i7-10850H | 16GB DDR4 | 512GB | BIOS Lock",Pre-Owned,"IDR4,488,583.75",,https://ir.ebaystatic.com/cr/v/c1/s_1x2.gif
207,"Lenovo LOQ-E 15.6"" 144Hz RTX 3050 Intel i5-12450HX 16GB RAM 512GB SSD AI Laptop",Brand New,"IDR8,644,833.75",214 sold,https://ir.ebaystatic.com/cr/v/c1/s_1x2.gif
208,"2021 Apple M1 Pro MacBook Pro 16.2"" 16GB/512GB SSD 90%+ (Gray) A2485 w/Warranty",Very Good - Refurbished,"IDR12,239,158.75",,https://ir.ebaystatic.com/cr/v/c1/s_1x2.gif
209,"Apple MacBook Pro18.1 - 16-Inch M1 Pro 3.20GHz,32GB RAM,512GB SSD 10 CPU / 16GPU",Good - Refurbished,"IDR13,283,375.00",88 sold,https://ir.ebaystatic.com/cr/v/c1/s_1x2.gif
210,"Asus Vivobook S14 S5406SA 14"" WUXGA OLED Intel Ultra 7 258V 32GB 1TB W11H Laptop",Certified - Refurbished,"IDR11,537,750.00",82 sold,https://ir.ebaystatic.com/cr/v/c1/s_1x2.gif
211,"Microsoft Surface Pro 8 13"" QHD 120 Hz Touch i7-1185G7 16GB 512GB Keyboard + Pen",Pre-Owned,"IDR9,974,833.75",,https://ir.ebaystatic.com/cr/v/c1/s_1x2.gif
212,"Lenovo LOQ Essential 15.6"" FHD 144Hz Gaming Laptop i5-12450HX RTX 4050 8GB 512GB",Brand New,"IDR9,807,918.75",Only 1 left!,https://ir.ebaystatic.com/cr/v/c1/s_1x2.gif
213,"New ListingLenovo ThinkPad X1 Carbon Gen 8 14""FHD i7-10510U 1.8GHz 16GB  512 SSD,charger",Pre-Owned,"IDR4,472,125.00",,https://ir.ebaystatic.com/cr/v/c1/s_1x2.gif
214,New ListingDell Latitude 5550 Laptop -Core i5 Ultra 5 125u 16GB 512GB-Webcam-Dell Wty 1/28,Pre-Owned,"IDR7,630,875.00",,https://ir.ebaystatic.com/cr/v/c1/s_1x2.gif
215,"2024 Apple M4 Max MacBook Pro 16.2"" 36GB/1TB (Black) 5X303LL/A w/Year Warranty",Excellent - Refurbished,"IDR40,076,058.75",,https://ir.ebaystatic.com/cr/v/c1/s_1x2.gif
216,2025 SGIN Laptop Notebook 17.3 Intel Processor Up to 4GB RAM 128GB SSD,Brand New,"IDR3,308,208.75",,https://ir.ebaystatic.com/cr/v/c1/s_1x2.gif
217,New ListingDell Latitude 5520 Laptop - 11th Gen i5-1145G7 16GB 512GB Cam Backlit Touch Sp16,Pre-Owned,"IDR3,308,375.00",,https://ir.ebaystatic.com/cr/v/c1/s_1x2.gif
218,"New ListingDell Latitude 5440 Used 14"" i7-1370P, 32GB RAM, 512GB NVMe",Pre-Owned,"IDR8,146,083.75",,https://ir.ebaystatic.com/cr/v/c1/s_1x2.gif
219,"Dell Latitude Laptop Intel Core i3 14"" HD 8GB RAM 256GB SSD Windows 11",Good - Refurbished,"IDR2,977,703.75",425 sold,https://ir.ebaystatic.com/cr/v/c1/s_1x2.gif
220,"Dell Precision 7560 Laptop - Xeon W-11955m 2.6ghz 64GB 1TB - RTX A4000 15.6"" FHD",Pre-Owned,"IDR11,620,875.00",Only 2 left,https://ir.ebaystatic.com/cr/v/c1/s_1x2.gif
221,"ORIGIN PC EON17-X 17.3"" 144Hz i9-11900K 2.50GHz 16GB RAM 1TB SSD RTX 3080",Open Box,"IDR14,546,875.00",20 sold,https://ir.ebaystatic.com/cr/v/c1/s_1x2.gif
222,"HP Victus by HP Laptop Computer 15.6"" FHD Intel Core i5 16 GB memory;1 TB SSD",Brand New,"IDR10,806,083.75",,https://ir.ebaystatic.com/cr/v/c1/s_1x2.gif
223,New ListingProStar Gaming Laptop N130WU,Parts Only,"IDR4,239,375.00",,https://ir.ebaystatic.com/cr/v/c1/s_1x2.gif
224,Lenovo Thinkpad T14 G2 i7-1185G7 3GHZ/32GB RAM/512GB NVMe,Pre-Owned,"IDR5,818,583.75",,https://ir.ebaystatic.com/cr/v/c1/s_1x2.gif
225,"Lenovo AMD Ryzen 5 PRO 14"" Gaming Laptop 32GB RAM 1TB SSD RADEON RX Windows 11",Excellent - Refurbished,"IDR9,958,375.00",56 sold,https://ir.ebaystatic.com/cr/v/c1/s_1x2.gif
226,"Lenovo ThinkPad T14 Touch 14"" Intel Core i7 4.90 GHz 32GB RAM 1TB SSD Win 11 Pro",Very Good - Refurbished,"IDR9,309,833.75",100 sold,https://ir.ebaystatic.com/cr/v/c1/s_1x2.gif
227,Dell Latitude 5330 Laptop 13.3‚Äù 10-Core i5 12th 4.4GHz 16GB RAM 256GB SSD Win 11,Good - Refurbished,"IDR4,496,563.75",294 sold,https://ir.ebaystatic.com/cr/v/c1/s_1x2.gif
228,"New HP Laptop 14"" HD Intel Celeron N4120 4GB 64GB eMMC SSD Webcam Windows 11 S",Brand New,"IDR3,075,625.00",491 sold,https://ir.ebaystatic.com/cr/v/c1/s_1x2.gif
229,"New ListingDell Precision 5570 15.6"" FHD i7-12800H 14-Core 1TB SSD 32GB RAM *No Charger*",Pre-Owned,"IDR11,637,167.50",,https://ir.ebaystatic.com/cr/v/c1/s_1x2.gif
230,New Sealed MacBook Pro 14-inch M4 24GB RAM 1TB SSD 10C GPU Space Black,Brand New,"IDR28,245,875.00",,https://ir.ebaystatic.com/cr/v/c1/s_1x2.gif
231,"Lenovo LOQ 15.6"" FHD Gaming Laptop RTX 4050 AMD Ryzen 5 7235HS 16GB RAM 512GB",Brand New,"IDR10,639,168.75",,https://ir.ebaystatic.com/cr/v/c1/s_1x2.gif
232,"HP EliteBook 845 G8 14"" FHD AMD Ryzen 7 PRO 5850U 16GB 512GB SSD W11P Laptop, SL",Very Good - Refurbished,"IDR4,571,875.00",,https://ir.ebaystatic.com/cr/v/c1/s_1x2.gif
233,"Microsoft Surface Pro 9 13"" 2.8K 120 Hz Touch i7-1265U 16GB 512GB, Keyboard W11H",Pre-Owned,"IDR11,637,333.75",,https://ir.ebaystatic.com/cr/v/c1/s_1x2.gif
234,"Lenovo Thinkpad T490 1.6GHz i5-8265U, 16GB RAM, 256GB NVME SSD, WIN11, FPR, WiFi",Pre-Owned,"IDR2,492,918.75",Only 2 left,https://ir.ebaystatic.com/cr/v/c1/s_1x2.gif
235,"„Äê90% New„ÄëACEMAGIC Laptop 17.3"" FHD Netbook Intel N97 16GB RAM 512GB M.2 SSD WiFi",Certified - Refurbished,"IDR3,823,583.75",95 sold,https://ir.ebaystatic.com/cr/v/c1/s_1x2.gif
236,2025 HP Laptop Computer 17.3 10-Core Intel i5 Upto 64GB RAM 2TB SSD Pro Office,Brand New,"IDR7,298,375.00 to IDR14,280,875.00",15 sold,https://ir.ebaystatic.com/cr/v/c1/s_1x2.gif
237,New ListingUsed Laptop Lot - no hdds,Parts Only,"IDR7,148,750.00",,https://ir.ebaystatic.com/cr/v/c1/s_1x2.gif
238,"Dell Chromebook 3100 (11.6"", Intel Celeron, 4GB RAM, 16GB, ChromeOS)  NO Charger",Pre-Owned,"IDR432,083.75",183 sold,https://ir.ebaystatic.com/cr/v/c1/s_1x2.gif
239,"HP - Victus 15.6"" 144Hz Full HD Gaming Laptop - Intel Core i5 - 8GB Memory - ...",Brand New,"IDR12,967,333.75","1,670 sold",https://ir.ebaystatic.com/cr/v/c1/s_1x2.gif
240,MacBook Pro 16 Space Gray 2021 M1 MAX 32GB 1TB 24 Core GPU A2485,Pre-Owned,"IDR16,624,833.75",67 sold,https://ir.ebaystatic.com/cr/v/c1/s_1x2.gif
241,"Lenovo ThinkPad T14s Gen 6 14"" WUXGA Snapdragon X Elite 32GB 512GB SSD FPReader",Certified - Refurbished,"IDR13,399,750.00",,https://ir.ebaystatic.com/cr/v/c1/s_1x2.gif
242,"Acer - Predator Helios Neo 16S AI Gaming Laptop - 16"" OLED 240Hz - Intel Core...",Brand New,"IDR31,587,333.75","1,072 sold",https://ir.ebaystatic.com/cr/v/c1/s_1x2.gif
243,"ASUS - Zenbook 14 14"" FHD+ OLED Touch Screen Laptop - Intel Core Ultra 9 - 32...",Brand New,"IDR14,962,333.75",423 sold,https://ir.ebaystatic.com/cr/v/c1/s_1x2.gif
244,2020 Macbook Air Apple | M1 8/7 CPU/GPU |  16GB RAM 256GB SSD Ô£ø Broken Screen,Parts Only,"IDR3,308,375.00",Only 1 left!,https://ir.ebaystatic.com/cr/v/c1/s_1x2.gif
245,"Dell Latitude 5410 14""  i5-10310U @ 1.70 GHz 16GB (No BATT/OS) 256GB SSD",Pre-Owned,"IDR1,496,083.75",35 sold,https://ir.ebaystatic.com/cr/v/c1/s_1x2.gif
246,"Dell Latitude 14 3420 (14"" Touch, 16GB, 512GB SSD, i5-1145G7 4.4GHz) Win11P,¬†Gra",Excellent - Refurbished,"IDR4,987,333.75",,https://ir.ebaystatic.com/cr/v/c1/s_1x2.gif
247,CHUWI Gemibook Plus 15.6in Laptop DDR5 16G 512GB SSD Intel N100 2K Windwos 11 PC,Brand New,"IDR4,289,083.75",,https://ir.ebaystatic.com/cr/v/c1/s_1x2.gif
248,Shop on eBay,,$479.99,,https://ir.ebaystatic.com/cr/v/c1/s_1x2.gif
249,Shop on eBay,,$479.99,,https://ir.ebaystatic.com/cr/v/c1/s_1x2.gif
250,"Lenovo ThinkPad L13 Yoga 13.3"" Touch 16GB 512GB Core i5-10310U Win11P, Bla",Excellent - Refurbished,"IDR4,897,891.25",,https://i.ebayimg.com/thumbs/images/g/ZD4AAeSwi7FpFw9X/s-l960.webp
251,"MAXED!! Apple MacBook Pro Retina 13"" + LOADED! + TouchBar + 2024 OS + EXTRAS!",Pre-Owned,"IDR9,950,062.50",Only 1 left!,https://i.ebayimg.com/thumbs/images/g/xEcAAOSwrull0Ong/s-l960.webp
252,"Dell Latitude 3500 15.6"" Laptop Computer PC Core i3 8GB RAM 256GB SSD Windows 11",Good - Refurbished,"IDR2,839,550.00",Only 1 left!,https://ir.ebaystatic.com/cr/v/c1/s_1x2.gif
253,"New ListingASUS ROG Ally X 7"" 120Hz FHD 1080p Gaming Handheld w/ AMD Ryzen Z1 Extreme",Pre-Owned,"IDR5,818,750.00",,https://ir.ebaystatic.com/cr/v/c1/s_1x2.gif
254,"Lenovo Thinkpad 14"" FHD Gaming Laptop AMD Ryzen 5 PRO 4.0GHz 48GB RAM 4TB SSD",Excellent - Refurbished,"IDR6,151,083.75 to IDR11,471,250.00",,https://ir.ebaystatic.com/cr/v/c1/s_1x2.gif
255,Samsung Chromebook 4 XE310XBA 11.6 Intel Celeron Chrome OS Tested Working School,Pre-Owned,"IDR432,748.75",Only 3 left,https://ir.ebaystatic.com/cr/v/c1/s_1x2.gif
256,EXECUTIVE SPECIAL~ 17.3 HP ZBook Fury Laptop: Intel i7! 32GB RAM - 1 TB NVME SSD,Excellent - Refurbished,"IDR9,801,933.75",,https://ir.ebaystatic.com/cr/v/c1/s_1x2.gif
257,New ListingLenovo Thinkpad T15 Gen 2 Intel i7-1165G7 16GB RAM 256GB SSD Win 11 Touch Screen,Pre-Owned,"IDR4,871,125.00",,https://ir.ebaystatic.com/cr/v/c1/s_1x2.gif
258,"Dell Latitude 3310 2in1 Laptop, Pentium Gold 5405U, 16GB RAM, 512GB SSD, Win 11",Pre-Owned,"IDR2,575,877.50",,https://ir.ebaystatic.com/cr/v/c1/s_1x2.gif
259,"Lenovo - IdeaPad Slim 3x - L- 15.3"" 2k Touchscreen Laptop Snapdragon X 16gb 256",Brand New,"IDR6,234,375.00",,https://ir.ebaystatic.com/cr/v/c1/s_1x2.gif
260,"New ListingLenovo ThinkPad T580/T590 15.6"" (i5 8th Gen - 8GB RAM - NO OS/HDD) - Lot of 3",Pre-Owned,"IDR4,486,090.00",,https://ir.ebaystatic.com/cr/v/c1/s_1x2.gif
261,"Apple MacBook Air M2 13.6"" 8-CoreCPU 8-CoreGPU 2022 256GB SSD 8GB RAM -Very Good",Very Good - Refurbished,"IDR9,509,500.00",19 sold,https://ir.ebaystatic.com/cr/v/c1/s_1x2.gif
262,"Acer Chromebook C738t 2-in-1 (11.6"" touchscreen, Intel, 4GB, 16GB) with Charger",Pre-Owned,"IDR664,833.75",89 sold,https://ir.ebaystatic.com/cr/v/c1/s_1x2.gif
263,"CTL Chromebook Touch Screen NL71CT-L 11.6"" 1.1GHz N4020 4GB 32GB  (Grade A",Pre-Owned,"IDR914,375.00",,https://ir.ebaystatic.com/cr/v/c1/s_1x2.gif
264,CHUWI MiniBook X 10.51inch Windwos 11 Laptop Intel N100 12GB LPDDR5 512GSSD,Brand New,"IDR3,640,708.75",53 sold,https://ir.ebaystatic.com/cr/v/c1/s_1x2.gif
265,Dell Inspiron 7391 2-in-1 Laptop PC 13.3‚Äù FHD Core i7 16GB RAM 512GB SSD Win 11,Good - Refurbished,"IDR4,491,576.25",Only 3 left,https://ir.ebaystatic.com/cr/v/c1/s_1x2.gif
266,New ListingLenovo Thinkpad T15 Gen 2 Intel i7-1185G7 16GB RAM 512GB SSD Win 11 Touch Screen,Pre-Owned,"IDR5,236,875.00",,https://ir.ebaystatic.com/cr/v/c1/s_1x2.gif
267,Lenovo ThinkPad X1 2-in-1 Gen 10 Aura OLED Touch VRR Ultra 7 268V 32GB 1TB Win11,Certified - Refurbished,"IDR23,425,622.50",,https://ir.ebaystatic.com/cr/v/c1/s_1x2.gif
268,"Microsoft Surface Pro 2-in-1 Laptop/tablet (2025), Windows 11 Copilot+ Pc, 12",Brand New,"IDR10,789,458.75",,https://ir.ebaystatic.com/cr/v/c1/s_1x2.gif
269,New ListingDell Vostro 15 7510 i7-11800H 2.3Ghz 16GB RAM 1TB NVMe GeForce RTX 3050Ti W11P,Pre-Owned,"IDR7,481,083.75",,https://ir.ebaystatic.com/cr/v/c1/s_1x2.gif
270,"HP EliteBook 630 G10 Laptop Intel Core i7-1365U 32GB 256GB SSD 13.3"" Touch W11P",Excellent - Refurbished,"IDR6,633,208.75",,https://ir.ebaystatic.com/cr/v/c1/s_1x2.gif
271,"MSI Katana 15 HX B14WEK-001US 15.6"" Gaming Laptop i7-14650HX 5050 16GB 512GB",Certified - Refurbished,"IDR12,461,268.75",,https://ir.ebaystatic.com/cr/v/c1/s_1x2.gif
272,"2025 Lenovo IdeaPad Laptop 15.6"" 1-Yr MS 365 Intel Dual-Core 20GB RAM & 1TB SSD",Brand New,"IDR5,802,125.00",,https://ir.ebaystatic.com/cr/v/c1/s_1x2.gif
273,"New ListingNEW Dell Inspiron Plus 14 i5430-7381SLV-PUS 14"" WQXGA 16GB RAM 1TB SSD i7-1360P",Brand New,"IDR11,620,875.00",,https://ir.ebaystatic.com/cr/v/c1/s_1x2.gif
274,"ASUS Chromebook Plus CX3402CB 14"" FHD Touch Intel i3-1215U 8GB 128GBUFS ChromeOS",Certified - Refurbished,"IDR2,776,375.00",209 sold,https://ir.ebaystatic.com/cr/v/c1/s_1x2.gif
275,"HP - 14"" Laptop - Intel Processor N150 - 4GB Memory - 128GB UFS - Pale Rose Gold",Brand New,"IDR3,657,333.75","1,835 sold",https://ir.ebaystatic.com/cr/v/c1/s_1x2.gif
276,"Lenovo - IdeaPad 1 15.6"" Full HD Laptop - AMD Ryzen 5 7520U 2022 - 8GB Memory...",Brand New,"IDR4,987,333.75",,https://ir.ebaystatic.com/cr/v/c1/s_1x2.gif
277,"2025 HP Laptop Computer 15.6"" Touch 6-Core Intel i3 Upto 64GB RAM 2TB SSD WinPro",Brand New,"IDR6,134,625.00 to IDR12,784,625.00",,https://ir.ebaystatic.com/cr/v/c1/s_1x2.gif
278,Dell Latitude 5530 Business Laptop 15‚Äù FHD Core i5 4.4GHz 16GB 512GB SSD Win 11,Good - Refurbished,"IDR6,483,085.00",180 sold,https://ir.ebaystatic.com/cr/v/c1/s_1x2.gif
279,"Dell Chromebook 3100 11.6"" Intel core 2.60GHz 4GB RAM 32GB eMMC Bluetooth Webcam",Good - Refurbished,"IDR1,130,333.75",113 sold,https://ir.ebaystatic.com/cr/v/c1/s_1x2.gif
280,Windows 11 Laptop 17.3'' 8GB RAM 256GB / 512GB SSD with Intel Celeron Dual-Core,Brand New,"IDR3,790,500.00",,https://ir.ebaystatic.com/cr/v/c1/s_1x2.gif
281,"Dell Latitude 5410 14"" 16GB 256GB SSD Core‚Ñ¢ i5-10210U 1.6GHz WIN11P,¬†Silver",Good - Refurbished,"IDR2,659,833.75",Only 1 left!,https://ir.ebaystatic.com/cr/v/c1/s_1x2.gif
282,"Lenovo - IdeaPad Slim 3 Chromebook Laptop - 14"" Full HD Touchscreen Laptop - ...",Brand New,"IDR6,633,375.00","5,260 sold",https://ir.ebaystatic.com/cr/v/c1/s_1x2.gif
283,New ListingHP EliteBook 840 G9 i7-1265U 32GB 512GB SSD 14in FHD Win11 Pro USB-C Charger #3,Open Box,"IDR6,317,333.75",,https://ir.ebaystatic.com/cr/v/c1/s_1x2.gif
284,"HP - 15.6"" Laptop - Intel Core i3 - 8GB Memory - 128GB UFS - Natural Silver",Brand New,"IDR4,156,083.75",202 sold,https://ir.ebaystatic.com/cr/v/c1/s_1x2.gif
285,"Dell Latitude 7420 14"" i7-1185G7 3.00GHz/16GB/512GB SSD P135G001 - w/Warranty",Good - Refurbished,"IDR3,676,286.25",,https://ir.ebaystatic.com/cr/v/c1/s_1x2.gif
286,Open Box: HP Omnibook 7 Aero 13.3  2K Copilot+PC AMD Ryzen AI 5 340 16GB RAM 512,Open Box,"IDR7,381,500.00",Only 1 left!,https://ir.ebaystatic.com/cr/v/c1/s_1x2.gif
287,2025 ASUS TUF Gaming Laptop Ryzen 7 RTX 4050 Upto 64GB RAM 2TB SSD Office Pro,Brand New,"IDR13,283,375.00 to IDR18,104,625.00",,https://ir.ebaystatic.com/cr/v/c1/s_1x2.gif
288,Lenovo ThinkPad Yoga 13‚Äù Laptop Convertible 2-in-1 Core i5 8GB 256GB SSD Win 11,Good - Refurbished,"IDR3,211,783.75",,https://ir.ebaystatic.com/cr/v/c1/s_1x2.gif
289,"Dell Latitude 7410 14"" Laptop 4-Core i7 4.9GHz 16GB RAM 512GB SSD Windows 11 Pro",Good - Refurbished,"IDR4,987,333.75",117 sold,https://ir.ebaystatic.com/cr/v/c1/s_1x2.gif
290,"New ListingLenovo ThinkPad X1 Carbon Gen 9 + i7-1165G7 2.80GHz 16GB 512, SSD,Charger",Pre-Owned,"IDR5,802,125.00",,https://ir.ebaystatic.com/cr/v/c1/s_1x2.gif
291,"Lenovo - Legion Pro 5 16"" 2.5K Gaming Laptop - AMD Ryzen 9 8945HX 2023 - NVID...",Brand New,"IDR19,949,833.75",,https://ir.ebaystatic.com/cr/v/c1/s_1x2.gif
292,"Dell Latitude 7212 Rugged 11.6"" Core i7-7600U 2.80GHZ 16GB RAM 256GB SSD Win 10",Pre-Owned,"IDR4,970,875.00",25 sold,https://ir.ebaystatic.com/cr/v/c1/s_1x2.gif
293,14 Lenovo ThinkPad Laptop: i7-8650U! 16GB RAM! 512GB NVME SSD! Secondary Battery,Good - Refurbished,"IDR4,984,008.75",127 sold,https://ir.ebaystatic.com/cr/v/c1/s_1x2.gif
294,"HP EliteBook X G1i 14"" WUXGA Intel Ultra 5 236V 16GB 512GB SSD W11P Laptop BL",Brand New,"IDR9,559,375.00",,https://ir.ebaystatic.com/cr/v/c1/s_1x2.gif
295,Lenovo Thinkpad T14s Gen 2a Ryzen 5 PRO 2.3GHz 16GB 256GB- Very Good Refurbished,Very Good - Refurbished,"IDR4,114,687.50",,https://ir.ebaystatic.com/cr/v/c1/s_1x2.gif
296,"Excellent 16"" MacBook Pro Touch Bar 4.5 Core i7 512GB SSD RP5300M + WARRANTY",Excellent - Refurbished,"IDR8,295,875.00",,https://ir.ebaystatic.com/cr/v/c1/s_1x2.gif
297,"Apple 2022 MacBook Air 13"" M2 (8-Core GPU) 16GB RAM 256GB SSD - Very good",Very Good - Refurbished,"IDR9,974,833.75",,https://ir.ebaystatic.com/cr/v/c1/s_1x2.gif
298,"Samsung - Galaxy Book4 15.6"" FHD Laptop - Intel Core 7- 16GB Memory - 512GB S...",Brand New,"IDR9,143,583.75","4,728 sold",https://ir.ebaystatic.com/cr/v/c1/s_1x2.gif
299,"Apple MacBook Air 13"" M4 chip 16GB RAM 512GB SSD Midnight MW133LL/A 2025 Model",Open Box,"IDR14,945,875.00",Only 3 left,https://ir.ebaystatic.com/cr/v/c1/s_1x2.gif
300,"LENOVO ThinkBook 14 G7 ARP Laptop 14"" 256GB SSD 7535H 3.3GHz 8GB Windows 11 Pro",Brand New,"IDR6,649,833.75",,https://ir.ebaystatic.com/cr/v/c1/s_1x2.gif
301,Panasonic Toughbook CF-33  i5-7300U 2.6GHz 16GB Touch Screen No SSD Or OS,Pre-Owned,"IDR2,244,375.00",,https://ir.ebaystatic.com/cr/v/c1/s_1x2.gif
302,2025 Lenovo IdeaPad Laptop Notebook 15.6 Intel Processor Upto 20GB RAM 1TB SSD,Brand New,"IDR3,973,375.00 to IDR6,134,625.00",80 sold,https://ir.ebaystatic.com/cr/v/c1/s_1x2.gif
303,Lot of 5 -Dell Latitude 5420 Laptop - Core i5-1145G7 16GB 512GB SSD-Touch - #3,Pre-Owned,"IDR16,591,750.00",Only 3 left,https://ir.ebaystatic.com/cr/v/c1/s_1x2.gif
304,"New ListingLenovo Thinkpad X1 Yoga Gen 7 14"" Laptop i7-1265U 1.8GHz 16GB NO DRIVE/BAT",Pre-Owned,"IDR6,483,583.75",,https://ir.ebaystatic.com/cr/v/c1/s_1x2.gif
305,Lenovo ThinkPad X9 15 Aura Edition 2.8k OLED Touch Ultra 7 268V 32GB 1TB W11P 2Y,Certified - Refurbished,"IDR21,595,875.00",,https://ir.ebaystatic.com/cr/v/c1/s_1x2.gif
306,2025 HP Laptop Computer 15 Office 2024 FHD 8-Core Intel i3 Upto 32GB RAM 2TB SSD,Brand New,"IDR5,469,625.00 to IDR9,958,375.00",28 sold,https://ir.ebaystatic.com/cr/v/c1/s_1x2.gif
307,"2025 ASUS Vivobook 16"" Laptop 10-Core Intel i7-1355U 40GB RAM 1TB SSD Win 11 Pro",Brand New,"IDR12,618,375.00",107 sold,https://ir.ebaystatic.com/cr/v/c1/s_1x2.gif
308,Cyber Special - Dell Latitude 5520 Laptop - 2.6 GHz i5-1145G7 16GB 512GB - Touch,Pre-Owned,"IDR3,790,500.00",434 sold,https://ir.ebaystatic.com/cr/v/c1/s_1x2.gif
309,"HP EliteBook 845 G7 14"" 8GB 256GB SSD AMD Ryzen 3 Pro 4450U Win11P, Silver",Excellent - Refurbished,"IDR3,291,750.00",Only 1 left!,https://ir.ebaystatic.com/cr/v/c1/s_1x2.gif
310,Shop on eBay,,$479.99,,https://ir.ebaystatic.com/cr/v/c1/s_1x2.gif
311,Shop on eBay,,$479.99,,https://ir.ebaystatic.com/cr/v/c1/s_1x2.gif
312,"Lenovo ThinkPad L13 Yoga Laptop PC 13"" FHD Core i5 8GB RAM 256GB SSD Win 11 HDMI",Good - Refurbished,"IDR3,461,990.00",793 sold,https://i.ebayimg.com/thumbs/images/g/O1YAAeSwvw1pH~Iv/s-l960.webp
313,BUNDLE APPLE MACBOOK AIR 13 INCH LAPTOP | 8GB RAM | 256GB SSD | MACOS,Pre-Owned,"IDR3,906,875.00",Only 1 left!,https://i.ebayimg.com/thumbs/images/g/SeEAAeSwuTRpF5Fx/s-l960.webp
314,New ListingLenovo Yoga 7 2 IN 1 16IML9 Laptop ULTRA 7 155U 16GB RAM ‚Äì No Boot,Parts Only,"IDR3,823,583.75",,https://ir.ebaystatic.com/cr/v/c1/s_1x2.gif
315,ASUS Vivobook 16  WUXGA Notebook Intel Core i7-1355U 16GB RAM 1TB SSD Intel Iris,Brand New,"IDR8,312,333.75",,https://ir.ebaystatic.com/cr/v/c1/s_1x2.gif
316,New ListingLOT OF 3 - Lenovo Laptops - (1) T14s / (2) T14 - REPAIRS / AS IS - READ NOTES,Parts Only,"IDR6,483,750.00",,https://ir.ebaystatic.com/cr/v/c1/s_1x2.gif
317,Lenovo ThinkPad L13 Yoga 13‚Äù FHD 2-in-1 Laptop Core i5 8GB RAM 512GB SSD Win 11,Good - Refurbished,"IDR3,621,590.00",199 sold,https://ir.ebaystatic.com/cr/v/c1/s_1x2.gif
318,"New ListingApple A2442 MacBook Pro 16"" 2021 Chassis + Screen + Battery Parts Repair",Parts Only,"IDR4,156,083.75",,https://ir.ebaystatic.com/cr/v/c1/s_1x2.gif
319,"LG - gram 17"" Touch Screen Laptop - Copilot+ PC - Intel Core Ultra 7 Series 2...",Brand New,"IDR28,262,333.75",692 sold,https://ir.ebaystatic.com/cr/v/c1/s_1x2.gif
320,"Acer Chromebook Plus 514 14"" Touchscreen AMD Ryzen 3 7320C 128GB SSD Refurbished",Certified - Refurbished,"IDR2,723,008.75",Only 1 left!,https://ir.ebaystatic.com/cr/v/c1/s_1x2.gif
321,New ListingGETAC S410 G2 Rugged Toughbook i7-8650U 1.9GHz 512GB SSD 16GB 4G - GPS - Grade B,Pre-Owned,"IDR4,654,833.75",,https://ir.ebaystatic.com/cr/v/c1/s_1x2.gif
322,"Microsoft Surface Laptop Studio 2 14"" i7-13800H 16GB 512GB-Very Good Refurbished",Very Good - Refurbished,"IDR13,092,187.50",,https://ir.ebaystatic.com/cr/v/c1/s_1x2.gif
323,HP ProBook 440 G8 Laptop 14‚Äù 4-Core i5 16GB DDR4 RAM 256GB SSD Windows 11 Pro,Excellent - Refurbished,"IDR4,354,752.50",Only 2 left,https://ir.ebaystatic.com/cr/v/c1/s_1x2.gif
324,Dell Latitude 5410 14‚Äù FHD Laptop 4-Core i5 16GB RAM 512GB SSD Windows 11 Pro,Good - Refurbished,"IDR4,306,041.25",334 sold,https://ir.ebaystatic.com/cr/v/c1/s_1x2.gif
325,Dell XPS 13 7390 Laptop 13.3‚Äù FHD Core i7 16GB DDR4 RAM 256GB SSD Windows 11,Good - Refurbished,"IDR5,548,427.50",112 sold,https://ir.ebaystatic.com/cr/v/c1/s_1x2.gif
326,"New ListingHP 15-dy1031wm 15.6"" Laptop Computer w/ i3-1005G1 1.20GHz CPU 8GB RAM No SSD",Pre-Owned,"IDR1,495,418.75",,https://ir.ebaystatic.com/cr/v/c1/s_1x2.gif
327,New ListingPanasonic FZ55-1 Toughbook Laptop Intel i7-8665U @ 1.90GHz 16GB DDR4 500GB SSD,Pre-Owned,"IDR6,683,083.75",,https://ir.ebaystatic.com/cr/v/c1/s_1x2.gif
328,"Lenovo ThinkPad X1 Carbon Gen 8 14"" Touch 16GB 256GB SSD WIN11P, Black",Excellent - Refurbished,"IDR5,591,818.75",Only 1 left!,https://ir.ebaystatic.com/cr/v/c1/s_1x2.gif
329,"Dell Latitude 5420 Quad Core i7 16GB 512GB SSD Windows 11 ""Light Gaming""",Excellent - Refurbished,"IDR4,155,751.25",,https://ir.ebaystatic.com/cr/v/c1/s_1x2.gif
330,"HP EliteBook 850 G8 i7-1185G7 | 16GB | 512GB SSD | 15.6"" FHD Win11 Pro Open Box@",Open Box,"IDR5,818,583.75",,https://ir.ebaystatic.com/cr/v/c1/s_1x2.gif
331,"Acer Swift Go 14"" TS Laptop Intel Core Ultra 7 155H 16GB RAM 1TB SSD Refurbished",Certified - Refurbished,"IDR8,852,646.25",176 sold,https://ir.ebaystatic.com/cr/v/c1/s_1x2.gif
332,New ListingPanasonic Toughbook CF-33  i5-7300U 2.6GHz 16GB TouchScreen  Keyboard No SSD,Pre-Owned,"IDR3,657,333.75",,https://ir.ebaystatic.com/cr/v/c1/s_1x2.gif
333,Lenovo ThinkPad X13s Gen 1 Snapdragon 8cx Gen 3 16GB DDR4 500GB NVMe Win 11 Pro,Pre-Owned,"IDR4,987,500.00",,https://ir.ebaystatic.com/cr/v/c1/s_1x2.gif
334,"WINDOWS 11 Laptop 14"" Dell 5411 Intel Core i5 G10 up to 4.6Ghz 64GB mem. 1TB SSD",Pre-Owned,"IDR4,804,625.00",Only 1 left!,https://ir.ebaystatic.com/cr/v/c1/s_1x2.gif
335,"GATEWAY Ultra Slim 14.1"" Laptop Intel Celeron N4020 4GB 128GB SSD Win 11 Silver",Brand New,"IDR2,127,833.75",,https://ir.ebaystatic.com/cr/v/c1/s_1x2.gif
336,APPLE MACBOOK PRO A2141 2019 i7 2.6GHz 32GB 512GB *GRADE D*,Pre-Owned,"IDR4,322,333.75",Only 1 left!,https://ir.ebaystatic.com/cr/v/c1/s_1x2.gif
337,New ListingDell Xps 15 7590 i7-9750H 2.60GHz 2TB 64GB GTX 1650 WIN11Pro Silver NO AC,Pre-Owned,"IDR7,480,418.75",,https://ir.ebaystatic.com/cr/v/c1/s_1x2.gif
338,"MSI - THIN A15 15.6"" 144Hz FHD Gaming Laptop - AMD R5-7535HS - GeForce RTX 40...",Brand New,"IDR9,143,583.75",55 sold,https://ir.ebaystatic.com/cr/v/c1/s_1x2.gif
339,CHUWI HeroBook Pro 14.1 Intel Celeron N4020 Windows 11 Laptop 256GB SSD 8GB RAM,Brand New,"IDR3,075,625.00",125 sold,https://ir.ebaystatic.com/cr/v/c1/s_1x2.gif
340,"2021 Apple 90%+ M1 Pro MacBook Pro 14"" 16GB/512GB SSD (Gray) A2442 - w/Warranty",Very Good - Refurbished,"IDR11,331,433.75",,https://ir.ebaystatic.com/cr/v/c1/s_1x2.gif
341,"Microsoft Surface Pro 7, 12.3"" Wi-Fi 128/256/512, i3/i5/i7 Black/Platinum",Pre-Owned,"IDR4,156,083.75 to IDR7,481,083.75",98 sold,https://ir.ebaystatic.com/cr/v/c1/s_1x2.gif
342,"Dell Precision 3560 3.0 GHz i7-1185G7 32GB 512GB SSD Webcam T500 15.6"" FHD",Pre-Owned,"IDR4,767,551.25",115 sold,https://ir.ebaystatic.com/cr/v/c1/s_1x2.gif
343,2025 Apple MacBook Air 13-inch M4 Chip 16GB RAM 512GB SSD Midnight - Good,Good - Refurbished,"IDR14,114,625.00",Only 2 left,https://ir.ebaystatic.com/cr/v/c1/s_1x2.gif
344,Dell Latitude 5330 Laptop 13‚Äù 2-in-1 10-Core i7-1265U 32GB RAM 512GB SSD Win 11,Good - Refurbished,"IDR7,145,425.00",20 sold,https://ir.ebaystatic.com/cr/v/c1/s_1x2.gif
345,"New ListingHP 17-cn3019nr 17.3"" Touchscreen Laptop i3-N305 8GB 512GB SSD W11H",Open Box,"IDR5,569,208.75",,https://ir.ebaystatic.com/cr/v/c1/s_1x2.gif
346,"New ListingAcer Chromebook Spin 511 R753T R753T-C2MG 11.6"" Touchscreen Chromebook, 32 GB",Open Box,"IDR2,618,437.50",,https://ir.ebaystatic.com/cr/v/c1/s_1x2.gif
347,"2025 Lenovo IdeaPad Laptop 15.6"" Intel Dual-Core, 20GB RAM 1TB SSD, 1-Yr MS 365",Brand New,"IDR5,802,125.00",250 sold,https://ir.ebaystatic.com/cr/v/c1/s_1x2.gif
348,"HP 15.6"" Touch Screen Laptop Intel i3-1215U 8GB RAM 256GB SSD 15-FD0023DX",Open Box,"IDR4,156,083.75",Only 2 left,https://ir.ebaystatic.com/cr/v/c1/s_1x2.gif
349,"MacBook Pro 13""  Touch Bar i7 3.5 512GB/16GB VENTURA + NEW BATTERY + WARRANTY",Very Good - Refurbished,"IDR6,633,375.00",,https://ir.ebaystatic.com/cr/v/c1/s_1x2.gif
350,"Dell 15 Laptop 15.6"" FHD 120 Hz WVA Display Core 3 100U 8GB RAM 512GB SSD Black",Brand New,"IDR5,485,418.75",,https://ir.ebaystatic.com/cr/v/c1/s_1x2.gif
351,"HP Chromebook 14"" Intel Pentium N5030 4GB RAM 128GB eMMC Chrome OS 14A-NA0062TG",Brand New,"IDR2,244,208.75",,https://ir.ebaystatic.com/cr/v/c1/s_1x2.gif
352,"Dell - Plus - Copilot+ PC - 16"" 2K 2-in-1 Touchscreen Laptop - Intel Core Ult...",Brand New,"IDR11,304,833.75",226 sold,https://ir.ebaystatic.com/cr/v/c1/s_1x2.gif
353,New ListingDell Latitude 5520 Laptop - 11th Gen i5-1145G7 16GB 512GB Cam Backlit Touch Sp17,Pre-Owned,"IDR3,474,625.00",,https://ir.ebaystatic.com/cr/v/c1/s_1x2.gif
354,"HP Victus 15.6"" FHD 144Hz RTX 5060 i7-13620H AI Gaming Laptop 16GB RAM 512GB SSD",Brand New,"IDR14,962,333.75",238 sold,https://ir.ebaystatic.com/cr/v/c1/s_1x2.gif
355,DELL Latitude Laptop: Intel i7! 32GB RAM ~ 1TB NVME SSD! Windows 11 Pro!,Good - Refurbished,"IDR6,279,761.25",188 sold,https://ir.ebaystatic.com/cr/v/c1/s_1x2.gif
356,"New ListingLenovo ThinkPad T14s Gen 2 i7-1185G7 16GB 512GB SSD 14"" FHD Win 11 Pro w/ AC",Pre-Owned,"IDR4,987,333.75",,https://ir.ebaystatic.com/cr/v/c1/s_1x2.gif
357,"New ListingLenovo ThinkPad T14s Gen 2 i7-1185G7 16GB 512GB SSD 14"" FHD Win 11 Pro w/ AC",Pre-Owned,"IDR4,987,333.75",,https://ir.ebaystatic.com/cr/v/c1/s_1x2.gif
358,"New ListingLenovo ThinkPad T14s Gen 2 i7-1185G7 16GB 512GB SSD 14"" FHD Win 11 Pro w/ AC",Pre-Owned,"IDR4,987,333.75",,https://ir.ebaystatic.com/cr/v/c1/s_1x2.gif
359,"New ListingLenovo ThinkPad T14s Gen 2 i7-1185G7 16GB 512GB SSD 14"" FHD Win 11 Pro w/ AC",Pre-Owned,"IDR4,987,333.75",,https://ir.ebaystatic.com/cr/v/c1/s_1x2.gif
360,"New ListingLenovo ThinkPad T14s Gen 2 i7-1185G7 16GB 512GB SSD 14"" FHD Win 11 Pro w/ AC",Pre-Owned,"IDR4,987,333.75",,https://ir.ebaystatic.com/cr/v/c1/s_1x2.gif
361,"New ListingDell Precision 7740 17.3"" | i7-9750H | 32GB PC4 | BIOS Lock, Absolute | RTX 4000",Pre-Owned,"IDR6,317,333.75",,https://ir.ebaystatic.com/cr/v/c1/s_1x2.gif
362,2025 Apple MacBook Air 15-inch M4 Chip 16GB RAM 512GB SSD Midnight MW1M3LL/A,Open Box,"IDR18,270,875.00",60 sold,https://ir.ebaystatic.com/cr/v/c1/s_1x2.gif
363,"Apple MacBook 13"" Laptop READY TO USE w/ macOS 10.13 HIGH SIERRA",Pre-Owned,"IDR1,477,630.00 to IDR2,401,315.00",,https://ir.ebaystatic.com/cr/v/c1/s_1x2.gif
364,HP EliteBook 845 G8 Laptop 14‚Äù FHD AMD Ryzen 5 PRO 16GB RAM 512GB SSD Windows 11,Good - Refurbished,"IDR4,883,926.25",167 sold,https://ir.ebaystatic.com/cr/v/c1/s_1x2.gif
